Workbook

Sheet Uitleg
B1: Schuttersvereniging St. Michiel Roeselare
B2: Clubklassement over leeftijdscategorieën en disciplines heen
B6: Instellingen
B7: Seizoen | C7: 2026 | D7: Verschijnt in de titels van het klassement
B8: Aantal tellende wedstrijden | C8: 5 | D8: De beste resultaten die meetellen (1 - 10)
B9: Schoten per wedstrijd | C9: 30 | D9: Vast: de coëfficiënten zijn berekend voor 30 schoten
B12: Zo gebruik je dit bestand
B13: 1. Vul op het tabblad 'Resultaten' per schutter de naam, de discipline (LK of LP) en de categorie in.
B14: Een schutter die beide disciplines schiet, krijgt een rij per discipline.
B15: Vul na elke wedstrijd het resultaat (30 schoten) in: LK met decimalen, LP in gehele getallen.
B16: Laat de cel leeg als de schutter niet meedeed.
B17: 2. Het tabblad 'Klassement' sorteert zichzelf en is klaar om af te drukken. De tellende resultaten zijn gemarkeerd.
B18: Alleen de gele cellen invullen, de rest wordt berekend. Rij 1 op 'Resultaten' is een voorbeeld: overschrijf of wis die.
B21: Categorieën
B22: Categorie | C22: Groep | D22: Omschrijving
B23: DUV | C23: DUV | D23: Duiveltje, < 12 jaar
B24: BEN | C24: BEN | D24: Benjamin, 12 - 13 jaar
B25: CAD | C25: CAD | D25: Cadet, 14 - 15 jaar
B26: JD | C26: JUN | D26: Junior dame, 16 - 20 jaar
B27: JH | C27: JUN | D27: Junior heer, 16 - 20 jaar
B28: D1 | C28: D1 & S1 | D28: Dame 1, 21 - 49 jaar
B29: S1 | C29: D1 & S1 | D29: Senioren 1, 21 - 49 jaar
B30: D2 | C30: D2 & S2 | D30: Dame 2, 50 - 59 jaar
B31: S2 | C31: D2 & S2 | D31: Senioren 2, 50 - 59 jaar
B32: D3 | C32: D3 & S3 | D32: Dame 3, 60+ jaar
B33: S3 | C33: D3 & S3 | D33: Senioren 3, 60+ jaar
B36: Wat betekent 'op 100 schutters'?
B37: Jongeren, senioren, luchtkarabijn en luchtpistool halen gemiddeld andere scores. Daarom wordt elk resultaat omgerekend
B38: naar een score op 100: stel dat er 100 schutters van jouw leeftijdsgroep en discipline op het Belgisch kampioenschap (BOA)
B39: meedoen, hoeveel daarvan zou je dan verslaan? Een score van 60 betekent dat je beter schiet dan 60 van de 100.
B40: Dames en heren van dezelfde leeftijd zitten in dezelfde groep: op topniveau scoren ze gelijkwaardig.
B41: De coëfficiënten staan op het tabblad 'Coëfficiënten' en worden jaarlijks bijgewerkt met de nieuwe BOA-resultaten.
B42: Gegenereerd op 30/10/2026 met github.com/BramBaert/NormalizeCompetitionResults (src/build_club_sheet.py).

Sheet Resultaten
C1: ="Resultaten clubcompetitie "&Uitleg!$C$7
C2: Gele cellen invullen: naam, discipline, categorie en resultaat (30 schoten). Leeg laten als de schutter niet meedeed. De rest wordt berekend.
E4: Geschoten (30 schoten) | O4: Op 100 schutters
AB5: =Uitleg!$C$8
A6: Nr | B6: Naam | C6: Disc. | D6: Cat. | E6: W1 | F6: W2 | G6: W3 | H6: W4 | I6: W5 | J6: W6 | K6: W7 | L6: W8 | M6: W9 | N6: W10 | O6: W1 | P6: W2 | Q6: W3 | R6: W4 | S6: W5 | T6: W6 | U6: W7 | V6: W8 | W6: W9 | X6: W10 | Y6: ="Beste "&Uitleg!$C$8 | Z6: Gemiddelde | AA6: Plaats | AB6: kol | AC6: sorteer
A7: =ROW()-6 | B7: Voorbeeld Schutter | C7: LK | D7: S2 | E7: 287.4 | F7: 291 | G7: 289.6 | H7: 284.2 | I7: 290.3 | J7: 292.1 | O7: =IF(OR($AB7="",N(E7)<=0),"",ROUND(E7*INDEX('Coëfficiënten'!$A$7:$AB$1006,MATCH(E7,INDEX('Coëfficiënten'!$A$7:$AB$1006,0,$AB7),1),$AB7+1),1)) | P7: =IF(OR($AB7="",N(F7)<=0),"",ROUND(F7*INDEX('Coëfficiënten'!$A$7:$AB$1006,MATCH(F7,INDEX('Coëfficiënten'!$A$7:$AB$1006,0,$AB7),1),$AB7+1),1)) | Q7: =IF(OR($AB7="",N(G7)<=0),"",ROUND(G7*INDEX('Coëfficiënten'!$A$7:$AB$1006,MATCH(G7,INDEX('Coëfficiënten'!$A$7:$AB$1006,0,$AB7),1),$AB7+1),1)) | R7: =IF(OR($AB7="",N(H7)<=0),"",ROUND(H7*INDEX('Coëfficiënten'!$A$7:$AB$1006,MATCH(H7,INDEX('Coëfficiënten'!$A$7:$AB$1006,0,$AB7),1),$AB7+1),1)) | S7: =IF(OR($AB7="",N(I7)<=0),"",ROUND(I7*INDEX('Coëfficiënten'!$A$7:$AB$1006,MATCH(I7,INDEX('Coëfficiënten'!$A$7:$AB$1006,0,$AB7),1),$AB7+1),1)) | T7: =IF(OR($AB7="",N(J7)<=0),"",ROUND(J7*INDEX('Coëfficiënten'!$A$7:$AB$1006,MATCH(J7,INDEX('Coëfficiënten'!$A$7:$AB$1006,0,$AB7),1),$AB7+1),1)) | U7: =IF(OR($AB7="",N(K7)<=0),"",ROUND(K7*INDEX('Coëfficiënten'!$A$7:$AB$1006,MATCH(K7,INDEX('Coëfficiënten'!$A$7:$AB$1006,0,$AB7),1),$AB7+1),1)) | V7: =IF(OR($AB7="",N(L7)<=0),"",ROUND(L7*INDEX('Coëfficiënten'!$A$7:$AB$1006,MATCH(L7,INDEX('Coëfficiënten'!$A$7:$AB$1006,0,$AB7),1),$AB7+1),1)) | ... X7: =IF(OR($AB7="",N(N7)<=0),"",ROUND(N7*INDEX('Coëfficiënten'!$A$7:$AB$1006,MATCH(N7,INDEX('Coëfficiënten'!$A$7:$AB$1006,0,$AB7),1),$AB7+1),1)) | Y7: =IF(OR($B7="",COUNT($O7:$X7)=0),"",IFERROR(LARGE($O7:$X7,1),0)*($AB$5>=1)+IFERROR(LARGE($O7:$X7,2),0)*($AB$5>=2)+IFERROR(LARGE($O7:$X7,3),0)*($AB$5>=3)+IFERROR(LARGE($O7:$X7,4),0)*($AB$5>=4)+IFERROR(LARGE($O7:$X7,5),0)*($AB$5>=5)+IFERROR(LARGE($O7:$X7,6),0)*($AB$5>=6)+IFERROR(LARGE($O7:$X7,7),0)*($AB$5>=7)+IFERROR(LARGE($O7:$X7,8),0)*($AB$5>=8)+IFERROR(LARGE($O7:$X7,9),0)*($AB$5>=9)+IFERROR(LARGE($O7:$X7,10),0)*($AB$5>=10)) | Z7: =IF(N($Y7)=0,"",$Y7/MIN($AB$5,COUNT($O7:$X7))) | AA7: =IF(N($Y7)=0,"",RANK($Y7,$Y$7:$Y$66)) | AB7: =IF(OR($C7="",$D7=""),"",IFERROR(MATCH($C7&"|"&VLOOKUP($D7,Uitleg!$B$23:$C$33,2,FALSE),'Coëfficiënten'!$A$5:$AB$5,0),"")) | AC7: =IF(N($Y7)=0,"",$Y7+(67-ROW())/1000000000)
A8: =ROW()-6 | O8: =IF(OR($AB8="",N(E8)<=0),"",ROUND(E8*INDEX('Coëfficiënten'!$A$7:$AB$1006,MATCH(E8,INDEX('Coëfficiënten'!$A$7:$AB$1006,0,$AB8),1),$AB8+1),1)) | P8: =IF(OR($AB8="",N(F8)<=0),"",ROUND(F8*INDEX('Coëfficiënten'!$A$7:$AB$1006,MATCH(F8,INDEX('Coëfficiënten'!$A$7:$AB$1006,0,$AB8),1),$AB8+1),1)) | Q8: =IF(OR($AB8="",N(G8)<=0),"",ROUND(G8*INDEX('Coëfficiënten'!$A$7:$AB$1006,MATCH(G8,INDEX('Coëfficiënten'!$A$7:$AB$1006,0,$AB8),1),$AB8+1),1)) | R8: =IF(OR($AB8="",N(H8)<=0),"",ROUND(H8*INDEX('Coëfficiënten'!$A$7:$AB$1006,MATCH(H8,INDEX('Coëfficiënten'!$A$7:$AB$1006,0,$AB8),1),$AB8+1),1)) | S8: =IF(OR($AB8="",N(I8)<=0),"",ROUND(I8*INDEX('Coëfficiënten'!$A$7:$AB$1006,MATCH(I8,INDEX('Coëfficiënten'!$A$7:$AB$1006,0,$AB8),1),$AB8+1),1)) | T8: =IF(OR($AB8="",N(J8)<=0),"",ROUND(J8*INDEX('Coëfficiënten'!$A$7:$AB$1006,MATCH(J8,INDEX('Coëfficiënten'!$A$7:$AB$1006,0,$AB8),1),$AB8+1),1)) | U8: =IF(OR($AB8="",N(K8)<=0),"",ROUND(K8*INDEX('Coëfficiënten'!$A$7:$AB$1006,MATCH(K8,INDEX('Coëfficiënten'!$A$7:$AB$1006,0,$AB8),1),$AB8+1),1)) | V8: =IF(OR($AB8="",N(L8)<=0),"",ROUND(L8*INDEX('Coëfficiënten'!$A$7:$AB$1006,MATCH(L8,INDEX('Coëfficiënten'!$A$7:$AB$1006,0,$AB8),1),$AB8+1),1)) | ... X8: =IF(OR($AB8="",N(N8)<=0),"",ROUND(N8*INDEX('Coëfficiënten'!$A$7:$AB$1006,MATCH(N8,INDEX('Coëfficiënten'!$A$7:$AB$1006,0,$AB8),1),$AB8+1),1)) | Y8: =IF(OR($B8="",COUNT($O8:$X8)=0),"",IFERROR(LARGE($O8:$X8,1),0)*($AB$5>=1)+IFERROR(LARGE($O8:$X8,2),0)*($AB$5>=2)+IFERROR(LARGE($O8:$X8,3),0)*($AB$5>=3)+IFERROR(LARGE($O8:$X8,4),0)*($AB$5>=4)+IFERROR(LARGE($O8:$X8,5),0)*($AB$5>=5)+IFERROR(LARGE($O8:$X8,6),0)*($AB$5>=6)+IFERROR(LARGE($O8:$X8,7),0)*($AB$5>=7)+IFERROR(LARGE($O8:$X8,8),0)*($AB$5>=8)+IFERROR(LARGE($O8:$X8,9),0)*($AB$5>=9)+IFERROR(LARGE($O8:$X8,10),0)*($AB$5>=10)) | Z8: =IF(N($Y8)=0,"",$Y8/MIN($AB$5,COUNT($O8:$X8))) | AA8: =IF(N($Y8)=0,"",RANK($Y8,$Y$7:$Y$66)) | AB8: =IF(OR($C8="",$D8=""),"",IFERROR(MATCH($C8&"|"&VLOOKUP($D8,Uitleg!$B$23:$C$33,2,FALSE),'Coëfficiënten'!$A$5:$AB$5,0),"")) | AC8: =IF(N($Y8)=0,"",$Y8+(67-ROW())/1000000000)
A9: =ROW()-6 | O9: =IF(OR($AB9="",N(E9)<=0),"",ROUND(E9*INDEX('Coëfficiënten'!$A$7:$AB$1006,MATCH(E9,INDEX('Coëfficiënten'!$A$7:$AB$1006,0,$AB9),1),$AB9+1),1)) | P9: =IF(OR($AB9="",N(F9)<=0),"",ROUND(F9*INDEX('Coëfficiënten'!$A$7:$AB$1006,MATCH(F9,INDEX('Coëfficiënten'!$A$7:$AB$1006,0,$AB9),1),$AB9+1),1)) | Q9: =IF(OR($AB9="",N(G9)<=0),"",ROUND(G9*INDEX('Coëfficiënten'!$A$7:$AB$1006,MATCH(G9,INDEX('Coëfficiënten'!$A$7:$AB$1006,0,$AB9),1),$AB9+1),1)) | R9: =IF(OR($AB9="",N(H9)<=0),"",ROUND(H9*INDEX('Coëfficiënten'!$A$7:$AB$1006,MATCH(H9,INDEX('Coëfficiënten'!$A$7:$AB$1006,0,$AB9),1),$AB9+1),1)) | S9: =IF(OR($AB9="",N(I9)<=0),"",ROUND(I9*INDEX('Coëfficiënten'!$A$7:$AB$1006,MATCH(I9,INDEX('Coëfficiënten'!$A$7:$AB$1006,0,$AB9),1),$AB9+1),1)) | T9: =IF(OR($AB9="",N(J9)<=0),"",ROUND(J9*INDEX('Coëfficiënten'!$A$7:$AB$1006,MATCH(J9,INDEX('Coëfficiënten'!$A$7:$AB$1006,0,$AB9),1),$AB9+1),1)) | U9: =IF(OR($AB9="",N(K9)<=0),"",ROUND(K9*INDEX('Coëfficiënten'!$A$7:$AB$1006,MATCH(K9,INDEX('Coëfficiënten'!$A$7:$AB$1006,0,$AB9),1),$AB9+1),1)) | V9: =IF(OR($AB9="",N(L9)<=0),"",ROUND(L9*INDEX('Coëfficiënten'!$A$7:$AB$1006,MATCH(L9,INDEX('Coëfficiënten'!$A$7:$AB$1006,0,$AB9),1),$AB9+1),1)) | ... X9: =IF(OR($AB9="",N(N9)<=0),"",ROUND(N9*INDEX('Coëfficiënten'!$A$7:$AB$1006,MATCH(N9,INDEX('Coëfficiënten'!$A$7:$AB$1006,0,$AB9),1),$AB9+1),1)) | Y9: =IF(OR($B9="",COUNT($O9:$X9)=0),"",IFERROR(LARGE($O9:$X9,1),0)*($AB$5>=1)+IFERROR(LARGE($O9:$X9,2),0)*($AB$5>=2)+IFERROR(LARGE($O9:$X9,3),0)*($AB$5>=3)+IFERROR(LARGE($O9:$X9,4),0)*($AB$5>=4)+IFERROR(LARGE($O9:$X9,5),0)*($AB$5>=5)+IFERROR(LARGE($O9:$X9,6),0)*($AB$5>=6)+IFERROR(LARGE($O9:$X9,7),0)*($AB$5>=7)+IFERROR(LARGE($O9:$X9,8),0)*($AB$5>=8)+IFERROR(LARGE($O9:$X9,9),0)*($AB$5>=9)+IFERROR(LARGE($O9:$X9,10),0)*($AB$5>=10)) | Z9: =IF(N($Y9)=0,"",$Y9/MIN($AB$5,COUNT($O9:$X9))) | AA9: =IF(N($Y9)=0,"",RANK($Y9,$Y$7:$Y$66)) | AB9: =IF(OR($C9="",$D9=""),"",IFERROR(MATCH($C9&"|"&VLOOKUP($D9,Uitleg!$B$23:$C$33,2,FALSE),'Coëfficiënten'!$A$5:$AB$5,0),"")) | AC9: =IF(N($Y9)=0,"",$Y9+(67-ROW())/1000000000)
A10: =ROW()-6 | O10: =IF(OR($AB10="",N(E10)<=0),"",ROUND(E10*INDEX('Coëfficiënten'!$A$7:$AB$1006,MATCH(E10,INDEX('Coëfficiënten'!$A$7:$AB$1006,0,$AB10),1),$AB10+1),1)) | P10: =IF(OR($AB10="",N(F10)<=0),"",ROUND(F10*INDEX('Coëfficiënten'!$A$7:$AB$1006,MATCH(F10,INDEX('Coëfficiënten'!$A$7:$AB$1006,0,$AB10),1),$AB10+1),1)) | Q10: =IF(OR($AB10="",N(G10)<=0),"",ROUND(G10*INDEX('Coëfficiënten'!$A$7:$AB$1006,MATCH(G10,INDEX('Coëfficiënten'!$A$7:$AB$1006,0,$AB10),1),$AB10+1),1)) | R10: =IF(OR($AB10="",N(H10)<=0),"",ROUND(H10*INDEX('Coëfficiënten'!$A$7:$AB$1006,MATCH(H10,INDEX('Coëfficiënten'!$A$7:$AB$1006,0,$AB10),1),$AB10+1),1)) | S10: =IF(OR($AB10="",N(I10)<=0),"",ROUND(I10*INDEX('Coëfficiënten'!$A$7:$AB$1006,MATCH(I10,INDEX('Coëfficiënten'!$A$7:$AB$1006,0,$AB10),1),$AB10+1),1)) | T10: =IF(OR($AB10="",N(J10)<=0),"",ROUND(J10*INDEX('Coëfficiënten'!$A$7:$AB$1006,MATCH(J10,INDEX('Coëfficiënten'!$A$7:$AB$1006,0,$AB10),1),$AB10+1),1)) | U10: =IF(OR($AB10="",N(K10)<=0),"",ROUND(K10*INDEX('Coëfficiënten'!$A$7:$AB$1006,MATCH(K10,INDEX('Coëfficiënten'!$A$7:$AB$1006,0,$AB10),1),$AB10+1),1)) | V10: =IF(OR($AB10="",N(L10)<=0),"",ROUND(L10*INDEX('Coëfficiënten'!$A$7:$AB$1006,MATCH(L10,INDEX('Coëfficiënten'!$A$7:$AB$1006,0,$AB10),1),$AB10+1),1)) | ... X10: =IF(OR($AB10="",N(N10)<=0),"",ROUND(N10*INDEX('Coëfficiënten'!$A$7:$AB$1006,MATCH(N10,INDEX('Coëfficiënten'!$A$7:$AB$1006,0,$AB10),1),$AB10+1),1)) | Y10: =IF(OR($B10="",COUNT($O10:$X10)=0),"",IFERROR(LARGE($O10:$X10,1),0)*($AB$5>=1)+IFERROR(LARGE($O10:$X10,2),0)*($AB$5>=2)+IFERROR(LARGE($O10:$X10,3),0)*($AB$5>=3)+IFERROR(LARGE($O10:$X10,4),0)*($AB$5>=4)+IFERROR(LARGE($O10:$X10,5),0)*($AB$5>=5)+IFERROR(LARGE($O10:$X10,6),0)*($AB$5>=6)+IFERROR(LARGE($O10:$X10,7),0)*($AB$5>=7)+IFERROR(LARGE($O10:$X10,8),0)*($AB$5>=8)+IFERROR(LARGE($O10:$X10,9),0)*($AB$5>=9)+IFERROR(LARGE($O10:$X10,10),0)*($AB$5>=10)) | Z10: =IF(N($Y10)=0,"",$Y10/MIN($AB$5,COUNT($O10:$X10))) | AA10: =IF(N($Y10)=0,"",RANK($Y10,$Y$7:$Y$66)) | AB10: =IF(OR($C10="",$D10=""),"",IFERROR(MATCH($C10&"|"&VLOOKUP($D10,Uitleg!$B$23:$C$33,2,FALSE),'Coëfficiënten'!$A$5:$AB$5,0),"")) | AC10: =IF(N($Y10)=0,"",$Y10+(67-ROW())/1000000000)
A11: =ROW()-6 | O11: =IF(OR($AB11="",N(E11)<=0),"",ROUND(E11*INDEX('Coëfficiënten'!$A$7:$AB$1006,MATCH(E11,INDEX('Coëfficiënten'!$A$7:$AB$1006,0,$AB11),1),$AB11+1),1)) | P11: =IF(OR($AB11="",N(F11)<=0),"",ROUND(F11*INDEX('Coëfficiënten'!$A$7:$AB$1006,MATCH(F11,INDEX('Coëfficiënten'!$A$7:$AB$1006,0,$AB11),1),$AB11+1),1)) | Q11: =IF(OR($AB11="",N(G11)<=0),"",ROUND(G11*INDEX('Coëfficiënten'!$A$7:$AB$1006,MATCH(G11,INDEX('Coëfficiënten'!$A$7:$AB$1006,0,$AB11),1),$AB11+1),1)) | R11: =IF(OR($AB11="",N(H11)<=0),"",ROUND(H11*INDEX('Coëfficiënten'!$A$7:$AB$1006,MATCH(H11,INDEX('Coëfficiënten'!$A$7:$AB$1006,0,$AB11),1),$AB11+1),1)) | S11: =IF(OR($AB11="",N(I11)<=0),"",ROUND(I11*INDEX('Coëfficiënten'!$A$7:$AB$1006,MATCH(I11,INDEX('Coëfficiënten'!$A$7:$AB$1006,0,$AB11),1),$AB11+1),1)) | T11: =IF(OR($AB11="",N(J11)<=0),"",ROUND(J11*INDEX('Coëfficiënten'!$A$7:$AB$1006,MATCH(J11,INDEX('Coëfficiënten'!$A$7:$AB$1006,0,$AB11),1),$AB11+1),1)) | U11: =IF(OR($AB11="",N(K11)<=0),"",ROUND(K11*INDEX('Coëfficiënten'!$A$7:$AB$1006,MATCH(K11,INDEX('Coëfficiënten'!$A$7:$AB$1006,0,$AB11),1),$AB11+1),1)) | V11: =IF(OR($AB11="",N(L11)<=0),"",ROUND(L11*INDEX('Coëfficiënten'!$A$7:$AB$1006,MATCH(L11,INDEX('Coëfficiënten'!$A$7:$AB$1006,0,$AB11),1),$AB11+1),1)) | ... X11: =IF(OR($AB11="",N(N11)<=0),"",ROUND(N11*INDEX('Coëfficiënten'!$A$7:$AB$1006,MATCH(N11,INDEX('Coëfficiënten'!$A$7:$AB$1006,0,$AB11),1),$AB11+1),1)) | Y11: =IF(OR($B11="",COUNT($O11:$X11)=0),"",IFERROR(LARGE($O11:$X11,1),0)*($AB$5>=1)+IFERROR(LARGE($O11:$X11,2),0)*($AB$5>=2)+IFERROR(LARGE($O11:$X11,3),0)*($AB$5>=3)+IFERROR(LARGE($O11:$X11,4),0)*($AB$5>=4)+IFERROR(LARGE($O11:$X11,5),0)*($AB$5>=5)+IFERROR(LARGE($O11:$X11,6),0)*($AB$5>=6)+IFERROR(LARGE($O11:$X11,7),0)*($AB$5>=7)+IFERROR(LARGE($O11:$X11,8),0)*($AB$5>=8)+IFERROR(LARGE($O11:$X11,9),0)*($AB$5>=9)+IFERROR(LARGE($O11:$X11,10),0)*($AB$5>=10)) | Z11: =IF(N($Y11)=0,"",$Y11/MIN($AB$5,COUNT($O11:$X11))) | AA11: =IF(N($Y11)=0,"",RANK($Y11,$Y$7:$Y$66)) | AB11: =IF(OR($C11="",$D11=""),"",IFERROR(MATCH($C11&"|"&VLOOKUP($D11,Uitleg!$B$23:$C$33,2,FALSE),'Coëfficiënten'!$A$5:$AB$5,0),"")) | AC11: =IF(N($Y11)=0,"",$Y11+(67-ROW())/1000000000)
A12: =ROW()-6 | O12: =IF(OR($AB12="",N(E12)<=0),"",ROUND(E12*INDEX('Coëfficiënten'!$A$7:$AB$1006,MATCH(E12,INDEX('Coëfficiënten'!$A$7:$AB$1006,0,$AB12),1),$AB12+1),1)) | P12: =IF(OR($AB12="",N(F12)<=0),"",ROUND(F12*INDEX('Coëfficiënten'!$A$7:$AB$1006,MATCH(F12,INDEX('Coëfficiënten'!$A$7:$AB$1006,0,$AB12),1),$AB12+1),1)) | Q12: =IF(OR($AB12="",N(G12)<=0),"",ROUND(G12*INDEX('Coëfficiënten'!$A$7:$AB$1006,MATCH(G12,INDEX('Coëfficiënten'!$A$7:$AB$1006,0,$AB12),1),$AB12+1),1)) | R12: =IF(OR($AB12="",N(H12)<=0),"",ROUND(H12*INDEX('Coëfficiënten'!$A$7:$AB$1006,MATCH(H12,INDEX('Coëfficiënten'!$A$7:$AB$1006,0,$AB12),1),$AB12+1),1)) | S12: =IF(OR($AB12="",N(I12)<=0),"",ROUND(I12*INDEX('Coëfficiënten'!$A$7:$AB$1006,MATCH(I12,INDEX('Coëfficiënten'!$A$7:$AB$1006,0,$AB12),1),$AB12+1),1)) | T12: =IF(OR($AB12="",N(J12)<=0),"",ROUND(J12*INDEX('Coëfficiënten'!$A$7:$AB$1006,MATCH(J12,INDEX('Coëfficiënten'!$A$7:$AB$1006,0,$AB12),1),$AB12+1),1)) | U12: =IF(OR($AB12="",N(K12)<=0),"",ROUND(K12*INDEX('Coëfficiënten'!$A$7:$AB$1006,MATCH(K12,INDEX('Coëfficiënten'!$A$7:$AB$1006,0,$AB12),1),$AB12+1),1)) | V12: =IF(OR($AB12="",N(L12)<=0),"",ROUND(L12*INDEX('Coëfficiënten'!$A$7:$AB$1006,MATCH(L12,INDEX('Coëfficiënten'!$A$7:$AB$1006,0,$AB12),1),$AB12+1),1)) | ... X12: =IF(OR($AB12="",N(N12)<=0),"",ROUND(N12*INDEX('Coëfficiënten'!$A$7:$AB$1006,MATCH(N12,INDEX('Coëfficiënten'!$A$7:$AB$1006,0,$AB12),1),$AB12+1),1)) | Y12: =IF(OR($B12="",COUNT($O12:$X12)=0),"",IFERROR(LARGE($O12:$X12,1),0)*($AB$5>=1)+IFERROR(LARGE($O12:$X12,2),0)*($AB$5>=2)+IFERROR(LARGE($O12:$X12,3),0)*($AB$5>=3)+IFERROR(LARGE($O12:$X12,4),0)*($AB$5>=4)+IFERROR(LARGE($O12:$X12,5),0)*($AB$5>=5)+IFERROR(LARGE($O12:$X12,6),0)*($AB$5>=6)+IFERROR(LARGE($O12:$X12,7),0)*($AB$5>=7)+IFERROR(LARGE($O12:$X12,8),0)*($AB$5>=8)+IFERROR(LARGE($O12:$X12,9),0)*($AB$5>=9)+IFERROR(LARGE($O12:$X12,10),0)*($AB$5>=10)) | Z12: =IF(N($Y12)=0,"",$Y12/MIN($AB$5,COUNT($O12:$X12))) | AA12: =IF(N($Y12)=0,"",RANK($Y12,$Y$7:$Y$66)) | AB12: =IF(OR($C12="",$D12=""),"",IFERROR(MATCH($C12&"|"&VLOOKUP($D12,Uitleg!$B$23:$C$33,2,FALSE),'Coëfficiënten'!$A$5:$AB$5,0),"")) | AC12: =IF(N($Y12)=0,"",$Y12+(67-ROW())/1000000000)
A13: =ROW()-6 | O13: =IF(OR($AB13="",N(E13)<=0),"",ROUND(E13*INDEX('Coëfficiënten'!$A$7:$AB$1006,MATCH(E13,INDEX('Coëfficiënten'!$A$7:$AB$1006,0,$AB13),1),$AB13+1),1)) | P13: =IF(OR($AB13="",N(F13)<=0),"",ROUND(F13*INDEX('Coëfficiënten'!$A$7:$AB$1006,MATCH(F13,INDEX('Coëfficiënten'!$A$7:$AB$1006,0,$AB13),1),$AB13+1),1)) | Q13: =IF(OR($AB13="",N(G13)<=0),"",ROUND(G13*INDEX('Coëfficiënten'!$A$7:$AB$1006,MATCH(G13,INDEX('Coëfficiënten'!$A$7:$AB$1006,0,$AB13),1),$AB13+1),1)) | R13: =IF(OR($AB13="",N(H13)<=0),"",ROUND(H13*INDEX('Coëfficiënten'!$A$7:$AB$1006,MATCH(H13,INDEX('Coëfficiënten'!$A$7:$AB$1006,0,$AB13),1),$AB13+1),1)) | S13: =IF(OR($AB13="",N(I13)<=0),"",ROUND(I13*INDEX('Coëfficiënten'!$A$7:$AB$1006,MATCH(I13,INDEX('Coëfficiënten'!$A$7:$AB$1006,0,$AB13),1),$AB13+1),1)) | T13: =IF(OR($AB13="",N(J13)<=0),"",ROUND(J13*INDEX('Coëfficiënten'!$A$7:$AB$1006,MATCH(J13,INDEX('Coëfficiënten'!$A$7:$AB$1006,0,$AB13),1),$AB13+1),1)) | U13: =IF(OR($AB13="",N(K13)<=0),"",ROUND(K13*INDEX('Coëfficiënten'!$A$7:$AB$1006,MATCH(K13,INDEX('Coëfficiënten'!$A$7:$AB$1006,0,$AB13),1),$AB13+1),1)) | V13: =IF(OR($AB13="",N(L13)<=0),"",ROUND(L13*INDEX('Coëfficiënten'!$A$7:$AB$1006,MATCH(L13,INDEX('Coëfficiënten'!$A$7:$AB$1006,0,$AB13),1),$AB13+1),1)) | ... X13: =IF(OR($AB13="",N(N13)<=0),"",ROUND(N13*INDEX('Coëfficiënten'!$A$7:$AB$1006,MATCH(N13,INDEX('Coëfficiënten'!$A$7:$AB$1006,0,$AB13),1),$AB13+1),1)) | Y13: =IF(OR($B13="",COUNT($O13:$X13)=0),"",IFERROR(LARGE($O13:$X13,1),0)*($AB$5>=1)+IFERROR(LARGE($O13:$X13,2),0)*($AB$5>=2)+IFERROR(LARGE($O13:$X13,3),0)*($AB$5>=3)+IFERROR(LARGE($O13:$X13,4),0)*($AB$5>=4)+IFERROR(LARGE($O13:$X13,5),0)*($AB$5>=5)+IFERROR(LARGE($O13:$X13,6),0)*($AB$5>=6)+IFERROR(LARGE($O13:$X13,7),0)*($AB$5>=7)+IFERROR(LARGE($O13:$X13,8),0)*($AB$5>=8)+IFERROR(LARGE($O13:$X13,9),0)*($AB$5>=9)+IFERROR(LARGE($O13:$X13,10),0)*($AB$5>=10)) | Z13: =IF(N($Y13)=0,"",$Y13/MIN($AB$5,COUNT($O13:$X13))) | AA13: =IF(N($Y13)=0,"",RANK($Y13,$Y$7:$Y$66)) | AB13: =IF(OR($C13="",$D13=""),"",IFERROR(MATCH($C13&"|"&VLOOKUP($D13,Uitleg!$B$23:$C$33,2,FALSE),'Coëfficiënten'!$A$5:$AB$5,0),"")) | AC13: =IF(N($Y13)=0,"",$Y13+(67-ROW())/1000000000)
A14: =ROW()-6 | O14: =IF(OR($AB14="",N(E14)<=0),"",ROUND(E14*INDEX('Coëfficiënten'!$A$7:$AB$1006,MATCH(E14,INDEX('Coëfficiënten'!$A$7:$AB$1006,0,$AB14),1),$AB14+1),1)) | P14: =IF(OR($AB14="",N(F14)<=0),"",ROUND(F14*INDEX('Coëfficiënten'!$A$7:$AB$1006,MATCH(F14,INDEX('Coëfficiënten'!$A$7:$AB$1006,0,$AB14),1),$AB14+1),1)) | Q14: =IF(OR($AB14="",N(G14)<=0),"",ROUND(G14*INDEX('Coëfficiënten'!$A$7:$AB$1006,MATCH(G14,INDEX('Coëfficiënten'!$A$7:$AB$1006,0,$AB14),1),$AB14+1),1)) | R14: =IF(OR($AB14="",N(H14)<=0),"",ROUND(H14*INDEX('Coëfficiënten'!$A$7:$AB$1006,MATCH(H14,INDEX('Coëfficiënten'!$A$7:$AB$1006,0,$AB14),1),$AB14+1),1)) | S14: =IF(OR($AB14="",N(I14)<=0),"",ROUND(I14*INDEX('Coëfficiënten'!$A$7:$AB$1006,MATCH(I14,INDEX('Coëfficiënten'!$A$7:$AB$1006,0,$AB14),1),$AB14+1),1)) | T14: =IF(OR($AB14="",N(J14)<=0),"",ROUND(J14*INDEX('Coëfficiënten'!$A$7:$AB$1006,MATCH(J14,INDEX('Coëfficiënten'!$A$7:$AB$1006,0,$AB14),1),$AB14+1),1)) | U14: =IF(OR($AB14="",N(K14)<=0),"",ROUND(K14*INDEX('Coëfficiënten'!$A$7:$AB$1006,MATCH(K14,INDEX('Coëfficiënten'!$A$7:$AB$1006,0,$AB14),1),$AB14+1),1)) | V14: =IF(OR($AB14="",N(L14)<=0),"",ROUND(L14*INDEX('Coëfficiënten'!$A$7:$AB$1006,MATCH(L14,INDEX('Coëfficiënten'!$A$7:$AB$1006,0,$AB14),1),$AB14+1),1)) | ... X14: =IF(OR($AB14="",N(N14)<=0),"",ROUND(N14*INDEX('Coëfficiënten'!$A$7:$AB$1006,MATCH(N14,INDEX('Coëfficiënten'!$A$7:$AB$1006,0,$AB14),1),$AB14+1),1)) | Y14: =IF(OR($B14="",COUNT($O14:$X14)=0),"",IFERROR(LARGE($O14:$X14,1),0)*($AB$5>=1)+IFERROR(LARGE($O14:$X14,2),0)*($AB$5>=2)+IFERROR(LARGE($O14:$X14,3),0)*($AB$5>=3)+IFERROR(LARGE($O14:$X14,4),0)*($AB$5>=4)+IFERROR(LARGE($O14:$X14,5),0)*($AB$5>=5)+IFERROR(LARGE($O14:$X14,6),0)*($AB$5>=6)+IFERROR(LARGE($O14:$X14,7),0)*($AB$5>=7)+IFERROR(LARGE($O14:$X14,8),0)*($AB$5>=8)+IFERROR(LARGE($O14:$X14,9),0)*($AB$5>=9)+IFERROR(LARGE($O14:$X14,10),0)*($AB$5>=10)) | Z14: =IF(N($Y14)=0,"",$Y14/MIN($AB$5,COUNT($O14:$X14))) | AA14: =IF(N($Y14)=0,"",RANK($Y14,$Y$7:$Y$66)) | AB14: =IF(OR($C14="",$D14=""),"",IFERROR(MATCH($C14&"|"&VLOOKUP($D14,Uitleg!$B$23:$C$33,2,FALSE),'Coëfficiënten'!$A$5:$AB$5,0),"")) | AC14: =IF(N($Y14)=0,"",$Y14+(67-ROW())/1000000000)
A15: =ROW()-6 | O15: =IF(OR($AB15="",N(E15)<=0),"",ROUND(E15*INDEX('Coëfficiënten'!$A$7:$AB$1006,MATCH(E15,INDEX('Coëfficiënten'!$A$7:$AB$1006,0,$AB15),1),$AB15+1),1)) | P15: =IF(OR($AB15="",N(F15)<=0),"",ROUND(F15*INDEX('Coëfficiënten'!$A$7:$AB$1006,MATCH(F15,INDEX('Coëfficiënten'!$A$7:$AB$1006,0,$AB15),1),$AB15+1),1)) | Q15: =IF(OR($AB15="",N(G15)<=0),"",ROUND(G15*INDEX('Coëfficiënten'!$A$7:$AB$1006,MATCH(G15,INDEX('Coëfficiënten'!$A$7:$AB$1006,0,$AB15),1),$AB15+1),1)) | R15: =IF(OR($AB15="",N(H15)<=0),"",ROUND(H15*INDEX('Coëfficiënten'!$A$7:$AB$1006,MATCH(H15,INDEX('Coëfficiënten'!$A$7:$AB$1006,0,$AB15),1),$AB15+1),1)) | S15: =IF(OR($AB15="",N(I15)<=0),"",ROUND(I15*INDEX('Coëfficiënten'!$A$7:$AB$1006,MATCH(I15,INDEX('Coëfficiënten'!$A$7:$AB$1006,0,$AB15),1),$AB15+1),1)) | T15: =IF(OR($AB15="",N(J15)<=0),"",ROUND(J15*INDEX('Coëfficiënten'!$A$7:$AB$1006,MATCH(J15,INDEX('Coëfficiënten'!$A$7:$AB$1006,0,$AB15),1),$AB15+1),1)) | U15: =IF(OR($AB15="",N(K15)<=0),"",ROUND(K15*INDEX('Coëfficiënten'!$A$7:$AB$1006,MATCH(K15,INDEX('Coëfficiënten'!$A$7:$AB$1006,0,$AB15),1),$AB15+1),1)) | V15: =IF(OR($AB15="",N(L15)<=0),"",ROUND(L15*INDEX('Coëfficiënten'!$A$7:$AB$1006,MATCH(L15,INDEX('Coëfficiënten'!$A$7:$AB$1006,0,$AB15),1),$AB15+1),1)) | ... X15: =IF(OR($AB15="",N(N15)<=0),"",ROUND(N15*INDEX('Coëfficiënten'!$A$7:$AB$1006,MATCH(N15,INDEX('Coëfficiënten'!$A$7:$AB$1006,0,$AB15),1),$AB15+1),1)) | Y15: =IF(OR($B15="",COUNT($O15:$X15)=0),"",IFERROR(LARGE($O15:$X15,1),0)*($AB$5>=1)+IFERROR(LARGE($O15:$X15,2),0)*($AB$5>=2)+IFERROR(LARGE($O15:$X15,3),0)*($AB$5>=3)+IFERROR(LARGE($O15:$X15,4),0)*($AB$5>=4)+IFERROR(LARGE($O15:$X15,5),0)*($AB$5>=5)+IFERROR(LARGE($O15:$X15,6),0)*($AB$5>=6)+IFERROR(LARGE($O15:$X15,7),0)*($AB$5>=7)+IFERROR(LARGE($O15:$X15,8),0)*($AB$5>=8)+IFERROR(LARGE($O15:$X15,9),0)*($AB$5>=9)+IFERROR(LARGE($O15:$X15,10),0)*($AB$5>=10)) | Z15: =IF(N($Y15)=0,"",$Y15/MIN($AB$5,COUNT($O15:$X15))) | AA15: =IF(N($Y15)=0,"",RANK($Y15,$Y$7:$Y$66)) | AB15: =IF(OR($C15="",$D15=""),"",IFERROR(MATCH($C15&"|"&VLOOKUP($D15,Uitleg!$B$23:$C$33,2,FALSE),'Coëfficiënten'!$A$5:$AB$5,0),"")) | AC15: =IF(N($Y15)=0,"",$Y15+(67-ROW())/1000000000)
A16: =ROW()-6 | O16: =IF(OR($AB16="",N(E16)<=0),"",ROUND(E16*INDEX('Coëfficiënten'!$A$7:$AB$1006,MATCH(E16,INDEX('Coëfficiënten'!$A$7:$AB$1006,0,$AB16),1),$AB16+1),1)) | P16: =IF(OR($AB16="",N(F16)<=0),"",ROUND(F16*INDEX('Coëfficiënten'!$A$7:$AB$1006,MATCH(F16,INDEX('Coëfficiënten'!$A$7:$AB$1006,0,$AB16),1),$AB16+1),1)) | Q16: =IF(OR($AB16="",N(G16)<=0),"",ROUND(G16*INDEX('Coëfficiënten'!$A$7:$AB$1006,MATCH(G16,INDEX('Coëfficiënten'!$A$7:$AB$1006,0,$AB16),1),$AB16+1),1)) | R16: =IF(OR($AB16="",N(H16)<=0),"",ROUND(H16*INDEX('Coëfficiënten'!$A$7:$AB$1006,MATCH(H16,INDEX('Coëfficiënten'!$A$7:$AB$1006,0,$AB16),1),$AB16+1),1)) | S16: =IF(OR($AB16="",N(I16)<=0),"",ROUND(I16*INDEX('Coëfficiënten'!$A$7:$AB$1006,MATCH(I16,INDEX('Coëfficiënten'!$A$7:$AB$1006,0,$AB16),1),$AB16+1),1)) | T16: =IF(OR($AB16="",N(J16)<=0),"",ROUND(J16*INDEX('Coëfficiënten'!$A$7:$AB$1006,MATCH(J16,INDEX('Coëfficiënten'!$A$7:$AB$1006,0,$AB16),1),$AB16+1),1)) | U16: =IF(OR($AB16="",N(K16)<=0),"",ROUND(K16*INDEX('Coëfficiënten'!$A$7:$AB$1006,MATCH(K16,INDEX('Coëfficiënten'!$A$7:$AB$1006,0,$AB16),1),$AB16+1),1)) | V16: =IF(OR($AB16="",N(L16)<=0),"",ROUND(L16*INDEX('Coëfficiënten'!$A$7:$AB$1006,MATCH(L16,INDEX('Coëfficiënten'!$A$7:$AB$1006,0,$AB16),1),$AB16+1),1)) | ... X16: =IF(OR($AB16="",N(N16)<=0),"",ROUND(N16*INDEX('Coëfficiënten'!$A$7:$AB$1006,MATCH(N16,INDEX('Coëfficiënten'!$A$7:$AB$1006,0,$AB16),1),$AB16+1),1)) | Y16: =IF(OR($B16="",COUNT($O16:$X16)=0),"",IFERROR(LARGE($O16:$X16,1),0)*($AB$5>=1)+IFERROR(LARGE($O16:$X16,2),0)*($AB$5>=2)+IFERROR(LARGE($O16:$X16,3),0)*($AB$5>=3)+IFERROR(LARGE($O16:$X16,4),0)*($AB$5>=4)+IFERROR(LARGE($O16:$X16,5),0)*($AB$5>=5)+IFERROR(LARGE($O16:$X16,6),0)*($AB$5>=6)+IFERROR(LARGE($O16:$X16,7),0)*($AB$5>=7)+IFERROR(LARGE($O16:$X16,8),0)*($AB$5>=8)+IFERROR(LARGE($O16:$X16,9),0)*($AB$5>=9)+IFERROR(LARGE($O16:$X16,10),0)*($AB$5>=10)) | Z16: =IF(N($Y16)=0,"",$Y16/MIN($AB$5,COUNT($O16:$X16))) | AA16: =IF(N($Y16)=0,"",RANK($Y16,$Y$7:$Y$66)) | AB16: =IF(OR($C16="",$D16=""),"",IFERROR(MATCH($C16&"|"&VLOOKUP($D16,Uitleg!$B$23:$C$33,2,FALSE),'Coëfficiënten'!$A$5:$AB$5,0),"")) | AC16: =IF(N($Y16)=0,"",$Y16+(67-ROW())/1000000000)
A17: =ROW()-6 | O17: =IF(OR($AB17="",N(E17)<=0),"",ROUND(E17*INDEX('Coëfficiënten'!$A$7:$AB$1006,MATCH(E17,INDEX('Coëfficiënten'!$A$7:$AB$1006,0,$AB17),1),$AB17+1),1)) | P17: =IF(OR($AB17="",N(F17)<=0),"",ROUND(F17*INDEX('Coëfficiënten'!$A$7:$AB$1006,MATCH(F17,INDEX('Coëfficiënten'!$A$7:$AB$1006,0,$AB17),1),$AB17+1),1)) | Q17: =IF(OR($AB17="",N(G17)<=0),"",ROUND(G17*INDEX('Coëfficiënten'!$A$7:$AB$1006,MATCH(G17,INDEX('Coëfficiënten'!$A$7:$AB$1006,0,$AB17),1),$AB17+1),1)) | R17: =IF(OR($AB17="",N(H17)<=0),"",ROUND(H17*INDEX('Coëfficiënten'!$A$7:$AB$1006,MATCH(H17,INDEX('Coëfficiënten'!$A$7:$AB$1006,0,$AB17),1),$AB17+1),1)) | S17: =IF(OR($AB17="",N(I17)<=0),"",ROUND(I17*INDEX('Coëfficiënten'!$A$7:$AB$1006,MATCH(I17,INDEX('Coëfficiënten'!$A$7:$AB$1006,0,$AB17),1),$AB17+1),1)) | T17: =IF(OR($AB17="",N(J17)<=0),"",ROUND(J17*INDEX('Coëfficiënten'!$A$7:$AB$1006,MATCH(J17,INDEX('Coëfficiënten'!$A$7:$AB$1006,0,$AB17),1),$AB17+1),1)) | U17: =IF(OR($AB17="",N(K17)<=0),"",ROUND(K17*INDEX('Coëfficiënten'!$A$7:$AB$1006,MATCH(K17,INDEX('Coëfficiënten'!$A$7:$AB$1006,0,$AB17),1),$AB17+1),1)) | V17: =IF(OR($AB17="",N(L17)<=0),"",ROUND(L17*INDEX('Coëfficiënten'!$A$7:$AB$1006,MATCH(L17,INDEX('Coëfficiënten'!$A$7:$AB$1006,0,$AB17),1),$AB17+1),1)) | ... X17: =IF(OR($AB17="",N(N17)<=0),"",ROUND(N17*INDEX('Coëfficiënten'!$A$7:$AB$1006,MATCH(N17,INDEX('Coëfficiënten'!$A$7:$AB$1006,0,$AB17),1),$AB17+1),1)) | Y17: =IF(OR($B17="",COUNT($O17:$X17)=0),"",IFERROR(LARGE($O17:$X17,1),0)*($AB$5>=1)+IFERROR(LARGE($O17:$X17,2),0)*($AB$5>=2)+IFERROR(LARGE($O17:$X17,3),0)*($AB$5>=3)+IFERROR(LARGE($O17:$X17,4),0)*($AB$5>=4)+IFERROR(LARGE($O17:$X17,5),0)*($AB$5>=5)+IFERROR(LARGE($O17:$X17,6),0)*($AB$5>=6)+IFERROR(LARGE($O17:$X17,7),0)*($AB$5>=7)+IFERROR(LARGE($O17:$X17,8),0)*($AB$5>=8)+IFERROR(LARGE($O17:$X17,9),0)*($AB$5>=9)+IFERROR(LARGE($O17:$X17,10),0)*($AB$5>=10)) | Z17: =IF(N($Y17)=0,"",$Y17/MIN($AB$5,COUNT($O17:$X17))) | AA17: =IF(N($Y17)=0,"",RANK($Y17,$Y$7:$Y$66)) | AB17: =IF(OR($C17="",$D17=""),"",IFERROR(MATCH($C17&"|"&VLOOKUP($D17,Uitleg!$B$23:$C$33,2,FALSE),'Coëfficiënten'!$A$5:$AB$5,0),"")) | AC17: =IF(N($Y17)=0,"",$Y17+(67-ROW())/1000000000)
A18: =ROW()-6 | O18: =IF(OR($AB18="",N(E18)<=0),"",ROUND(E18*INDEX('Coëfficiënten'!$A$7:$AB$1006,MATCH(E18,INDEX('Coëfficiënten'!$A$7:$AB$1006,0,$AB18),1),$AB18+1),1)) | P18: =IF(OR($AB18="",N(F18)<=0),"",ROUND(F18*INDEX('Coëfficiënten'!$A$7:$AB$1006,MATCH(F18,INDEX('Coëfficiënten'!$A$7:$AB$1006,0,$AB18),1),$AB18+1),1)) | Q18: =IF(OR($AB18="",N(G18)<=0),"",ROUND(G18*INDEX('Coëfficiënten'!$A$7:$AB$1006,MATCH(G18,INDEX('Coëfficiënten'!$A$7:$AB$1006,0,$AB18),1),$AB18+1),1)) | R18: =IF(OR($AB18="",N(H18)<=0),"",ROUND(H18*INDEX('Coëfficiënten'!$A$7:$AB$1006,MATCH(H18,INDEX('Coëfficiënten'!$A$7:$AB$1006,0,$AB18),1),$AB18+1),1)) | S18: =IF(OR($AB18="",N(I18)<=0),"",ROUND(I18*INDEX('Coëfficiënten'!$A$7:$AB$1006,MATCH(I18,INDEX('Coëfficiënten'!$A$7:$AB$1006,0,$AB18),1),$AB18+1),1)) | T18: =IF(OR($AB18="",N(J18)<=0),"",ROUND(J18*INDEX('Coëfficiënten'!$A$7:$AB$1006,MATCH(J18,INDEX('Coëfficiënten'!$A$7:$AB$1006,0,$AB18),1),$AB18+1),1)) | U18: =IF(OR($AB18="",N(K18)<=0),"",ROUND(K18*INDEX('Coëfficiënten'!$A$7:$AB$1006,MATCH(K18,INDEX('Coëfficiënten'!$A$7:$AB$1006,0,$AB18),1),$AB18+1),1)) | V18: =IF(OR($AB18="",N(L18)<=0),"",ROUND(L18*INDEX('Coëfficiënten'!$A$7:$AB$1006,MATCH(L18,INDEX('Coëfficiënten'!$A$7:$AB$1006,0,$AB18),1),$AB18+1),1)) | ... X18: =IF(OR($AB18="",N(N18)<=0),"",ROUND(N18*INDEX('Coëfficiënten'!$A$7:$AB$1006,MATCH(N18,INDEX('Coëfficiënten'!$A$7:$AB$1006,0,$AB18),1),$AB18+1),1)) | Y18: =IF(OR($B18="",COUNT($O18:$X18)=0),"",IFERROR(LARGE($O18:$X18,1),0)*($AB$5>=1)+IFERROR(LARGE($O18:$X18,2),0)*($AB$5>=2)+IFERROR(LARGE($O18:$X18,3),0)*($AB$5>=3)+IFERROR(LARGE($O18:$X18,4),0)*($AB$5>=4)+IFERROR(LARGE($O18:$X18,5),0)*($AB$5>=5)+IFERROR(LARGE($O18:$X18,6),0)*($AB$5>=6)+IFERROR(LARGE($O18:$X18,7),0)*($AB$5>=7)+IFERROR(LARGE($O18:$X18,8),0)*($AB$5>=8)+IFERROR(LARGE($O18:$X18,9),0)*($AB$5>=9)+IFERROR(LARGE($O18:$X18,10),0)*($AB$5>=10)) | Z18: =IF(N($Y18)=0,"",$Y18/MIN($AB$5,COUNT($O18:$X18))) | AA18: =IF(N($Y18)=0,"",RANK($Y18,$Y$7:$Y$66)) | AB18: =IF(OR($C18="",$D18=""),"",IFERROR(MATCH($C18&"|"&VLOOKUP($D18,Uitleg!$B$23:$C$33,2,FALSE),'Coëfficiënten'!$A$5:$AB$5,0),"")) | AC18: =IF(N($Y18)=0,"",$Y18+(67-ROW())/1000000000)
A19: =ROW()-6 | O19: =IF(OR($AB19="",N(E19)<=0),"",ROUND(E19*INDEX('Coëfficiënten'!$A$7:$AB$1006,MATCH(E19,INDEX('Coëfficiënten'!$A$7:$AB$1006,0,$AB19),1),$AB19+1),1)) | P19: =IF(OR($AB19="",N(F19)<=0),"",ROUND(F19*INDEX('Coëfficiënten'!$A$7:$AB$1006,MATCH(F19,INDEX('Coëfficiënten'!$A$7:$AB$1006,0,$AB19),1),$AB19+1),1)) | Q19: =IF(OR($AB19="",N(G19)<=0),"",ROUND(G19*INDEX('Coëfficiënten'!$A$7:$AB$1006,MATCH(G19,INDEX('Coëfficiënten'!$A$7:$AB$1006,0,$AB19),1),$AB19+1),1)) | R19: =IF(OR($AB19="",N(H19)<=0),"",ROUND(H19*INDEX('Coëfficiënten'!$A$7:$AB$1006,MATCH(H19,INDEX('Coëfficiënten'!$A$7:$AB$1006,0,$AB19),1),$AB19+1),1)) | S19: =IF(OR($AB19="",N(I19)<=0),"",ROUND(I19*INDEX('Coëfficiënten'!$A$7:$AB$1006,MATCH(I19,INDEX('Coëfficiënten'!$A$7:$AB$1006,0,$AB19),1),$AB19+1),1)) | T19: =IF(OR($AB19="",N(J19)<=0),"",ROUND(J19*INDEX('Coëfficiënten'!$A$7:$AB$1006,MATCH(J19,INDEX('Coëfficiënten'!$A$7:$AB$1006,0,$AB19),1),$AB19+1),1)) | U19: =IF(OR($AB19="",N(K19)<=0),"",ROUND(K19*INDEX('Coëfficiënten'!$A$7:$AB$1006,MATCH(K19,INDEX('Coëfficiënten'!$A$7:$AB$1006,0,$AB19),1),$AB19+1),1)) | V19: =IF(OR($AB19="",N(L19)<=0),"",ROUND(L19*INDEX('Coëfficiënten'!$A$7:$AB$1006,MATCH(L19,INDEX('Coëfficiënten'!$A$7:$AB$1006,0,$AB19),1),$AB19+1),1)) | ... X19: =IF(OR($AB19="",N(N19)<=0),"",ROUND(N19*INDEX('Coëfficiënten'!$A$7:$AB$1006,MATCH(N19,INDEX('Coëfficiënten'!$A$7:$AB$1006,0,$AB19),1),$AB19+1),1)) | Y19: =IF(OR($B19="",COUNT($O19:$X19)=0),"",IFERROR(LARGE($O19:$X19,1),0)*($AB$5>=1)+IFERROR(LARGE($O19:$X19,2),0)*($AB$5>=2)+IFERROR(LARGE($O19:$X19,3),0)*($AB$5>=3)+IFERROR(LARGE($O19:$X19,4),0)*($AB$5>=4)+IFERROR(LARGE($O19:$X19,5),0)*($AB$5>=5)+IFERROR(LARGE($O19:$X19,6),0)*($AB$5>=6)+IFERROR(LARGE($O19:$X19,7),0)*($AB$5>=7)+IFERROR(LARGE($O19:$X19,8),0)*($AB$5>=8)+IFERROR(LARGE($O19:$X19,9),0)*($AB$5>=9)+IFERROR(LARGE($O19:$X19,10),0)*($AB$5>=10)) | Z19: =IF(N($Y19)=0,"",$Y19/MIN($AB$5,COUNT($O19:$X19))) | AA19: =IF(N($Y19)=0,"",RANK($Y19,$Y$7:$Y$66)) | AB19: =IF(OR($C19="",$D19=""),"",IFERROR(MATCH($C19&"|"&VLOOKUP($D19,Uitleg!$B$23:$C$33,2,FALSE),'Coëfficiënten'!$A$5:$AB$5,0),"")) | AC19: =IF(N($Y19)=0,"",$Y19+(67-ROW())/1000000000)
... A66: =ROW()-6 | O66: =IF(OR($AB66="",N(E66)<=0),"",ROUND(E66*INDEX('Coëfficiënten'!$A$7:$AB$1006,MATCH(E66,INDEX('Coëfficiënten'!$A$7:$AB$1006,0,$AB66),1),$AB66+1),1)) | P66: =IF(OR($AB66="",N(F66)<=0),"",ROUND(F66*INDEX('Coëfficiënten'!$A$7:$AB$1006,MATCH(F66,INDEX('Coëfficiënten'!$A$7:$AB$1006,0,$AB66),1),$AB66+1),1)) | Q66: =IF(OR($AB66="",N(G66)<=0),"",ROUND(G66*INDEX('Coëfficiënten'!$A$7:$AB$1006,MATCH(G66,INDEX('Coëfficiënten'!$A$7:$AB$1006,0,$AB66),1),$AB66+1),1)) | R66: =IF(OR($AB66="",N(H66)<=0),"",ROUND(H66*INDEX('Coëfficiënten'!$A$7:$AB$1006,MATCH(H66,INDEX('Coëfficiënten'!$A$7:$AB$1006,0,$AB66),1),$AB66+1),1)) | S66: =IF(OR($AB66="",N(I66)<=0),"",ROUND(I66*INDEX('Coëfficiënten'!$A$7:$AB$1006,MATCH(I66,INDEX('Coëfficiënten'!$A$7:$AB$1006,0,$AB66),1),$AB66+1),1)) | T66: =IF(OR($AB66="",N(J66)<=0),"",ROUND(J66*INDEX('Coëfficiënten'!$A$7:$AB$1006,MATCH(J66,INDEX('Coëfficiënten'!$A$7:$AB$1006,0,$AB66),1),$AB66+1),1)) | U66: =IF(OR($AB66="",N(K66)<=0),"",ROUND(K66*INDEX('Coëfficiënten'!$A$7:$AB$1006,MATCH(K66,INDEX('Coëfficiënten'!$A$7:$AB$1006,0,$AB66),1),$AB66+1),1)) | V66: =IF(OR($AB66="",N(L66)<=0),"",ROUND(L66*INDEX('Coëfficiënten'!$A$7:$AB$1006,MATCH(L66,INDEX('Coëfficiënten'!$A$7:$AB$1006,0,$AB66),1),$AB66+1),1)) | ... X66: =IF(OR($AB66="",N(N66)<=0),"",ROUND(N66*INDEX('Coëfficiënten'!$A$7:$AB$1006,MATCH(N66,INDEX('Coëfficiënten'!$A$7:$AB$1006,0,$AB66),1),$AB66+1),1)) | Y66: =IF(OR($B66="",COUNT($O66:$X66)=0),"",IFERROR(LARGE($O66:$X66,1),0)*($AB$5>=1)+IFERROR(LARGE($O66:$X66,2),0)*($AB$5>=2)+IFERROR(LARGE($O66:$X66,3),0)*($AB$5>=3)+IFERROR(LARGE($O66:$X66,4),0)*($AB$5>=4)+IFERROR(LARGE($O66:$X66,5),0)*($AB$5>=5)+IFERROR(LARGE($O66:$X66,6),0)*($AB$5>=6)+IFERROR(LARGE($O66:$X66,7),0)*($AB$5>=7)+IFERROR(LARGE($O66:$X66,8),0)*($AB$5>=8)+IFERROR(LARGE($O66:$X66,9),0)*($AB$5>=9)+IFERROR(LARGE($O66:$X66,10),0)*($AB$5>=10)) | Z66: =IF(N($Y66)=0,"",$Y66/MIN($AB$5,COUNT($O66:$X66))) | AA66: =IF(N($Y66)=0,"",RANK($Y66,$Y$7:$Y$66)) | AB66: =IF(OR($C66="",$D66=""),"",IFERROR(MATCH($C66&"|"&VLOOKUP($D66,Uitleg!$B$23:$C$33,2,FALSE),'Coëfficiënten'!$A$5:$AB$5,0),"")) | AC66: =IF(N($Y66)=0,"",$Y66+(67-ROW())/1000000000)

Sheet Klassement
A2: ="Luchtdruk Clubklassement "&Uitleg!$C$7
R5: =Uitleg!$C$8
A6: Pl. | B6: Naam | C6: Disc. | D6: Cat. | F6: W1 | G6: W2 | H6: W3 | I6: W4 | J6: W5 | K6: W6 | L6: W7 | M6: W8 | N6: W9 | O6: W10 | P6: ="Beste "&Uitleg!$C$8 | Q6: Gemiddelde | R6: sorteer | S6: rij
A7: =IF($S7="","",INDEX(Resultaten!$AA$7:$AA$66,$S7)) | B7: =IF($S7="","",INDEX(Resultaten!$B$7:$B$66,$S7)) | C7: =IF($S7="","",INDEX(Resultaten!$C$7:$C$66,$S7)) | D7: =IF($S7="","",INDEX(Resultaten!$D$7:$D$66,$S7)) | E7: =IF($S7="","","Geschoten") | F7: =IF($S7="","",IF(INDEX(Resultaten!$E$7:$N$66,$S7,1)="","",INDEX(Resultaten!$E$7:$N$66,$S7,1))) | G7: =IF($S7="","",IF(INDEX(Resultaten!$E$7:$N$66,$S7,2)="","",INDEX(Resultaten!$E$7:$N$66,$S7,2))) | H7: =IF($S7="","",IF(INDEX(Resultaten!$E$7:$N$66,$S7,3)="","",INDEX(Resultaten!$E$7:$N$66,$S7,3))) | I7: =IF($S7="","",IF(INDEX(Resultaten!$E$7:$N$66,$S7,4)="","",INDEX(Resultaten!$E$7:$N$66,$S7,4))) | J7: =IF($S7="","",IF(INDEX(Resultaten!$E$7:$N$66,$S7,5)="","",INDEX(Resultaten!$E$7:$N$66,$S7,5))) | K7: =IF($S7="","",IF(INDEX(Resultaten!$E$7:$N$66,$S7,6)="","",INDEX(Resultaten!$E$7:$N$66,$S7,6))) | L7: =IF($S7="","",IF(INDEX(Resultaten!$E$7:$N$66,$S7,7)="","",INDEX(Resultaten!$E$7:$N$66,$S7,7))) | M7: =IF($S7="","",IF(INDEX(Resultaten!$E$7:$N$66,$S7,8)="","",INDEX(Resultaten!$E$7:$N$66,$S7,8))) | N7: =IF($S7="","",IF(INDEX(Resultaten!$E$7:$N$66,$S7,9)="","",INDEX(Resultaten!$E$7:$N$66,$S7,9))) | O7: =IF($S7="","",IF(INDEX(Resultaten!$E$7:$N$66,$S7,10)="","",INDEX(Resultaten!$E$7:$N$66,$S7,10))) | P7: =IF(OR($S7="",COUNT($F7:$O7)=0),"",ROUND(IFERROR(LARGE($F7:$O7,1),0)*($R$5>=1)+IFERROR(LARGE($F7:$O7,2),0)*($R$5>=2)+IFERROR(LARGE($F7:$O7,3),0)*($R$5>=3)+IFERROR(LARGE($F7:$O7,4),0)*($R$5>=4)+IFERROR(LARGE($F7:$O7,5),0)*($R$5>=5)+IFERROR(LARGE($F7:$O7,6),0)*($R$5>=6)+IFERROR(LARGE($F7:$O7,7),0)*($R$5>=7)+IFERROR(LARGE($F7:$O7,8),0)*($R$5>=8)+IFERROR(LARGE($F7:$O7,9),0)*($R$5>=9)+IFERROR(LARGE($F7:$O7,10),0)*($R$5>=10),1)) | Q7: =IF(N($P7)=0,"",$P7/MIN($R$5,COUNT($F7:$O7))) | R7: =IFERROR(LARGE(Resultaten!$AC$7:$AC$66,1),"") | S7: =IF($R7="","",MATCH($R7,Resultaten!$AC$7:$AC$66,0))
E8: =IF($S7="","","Op 100 schutters") | F8: =IF($S7="","",INDEX(Resultaten!$O$7:$X$66,$S7,1)) | G8: =IF($S7="","",INDEX(Resultaten!$O$7:$X$66,$S7,2)) | H8: =IF($S7="","",INDEX(Resultaten!$O$7:$X$66,$S7,3)) | I8: =IF($S7="","",INDEX(Resultaten!$O$7:$X$66,$S7,4)) | J8: =IF($S7="","",INDEX(Resultaten!$O$7:$X$66,$S7,5)) | K8: =IF($S7="","",INDEX(Resultaten!$O$7:$X$66,$S7,6)) | L8: =IF($S7="","",INDEX(Resultaten!$O$7:$X$66,$S7,7)) | M8: =IF($S7="","",INDEX(Resultaten!$O$7:$X$66,$S7,8)) | N8: =IF($S7="","",INDEX(Resultaten!$O$7:$X$66,$S7,9)) | O8: =IF($S7="","",INDEX(Resultaten!$O$7:$X$66,$S7,10)) | P8: =IF($S7="","",INDEX(Resultaten!$Y$7:$Y$66,$S7)) | Q8: =IF($S7="","",INDEX(Resultaten!$Z$7:$Z$66,$S7)) | S8: =$S7
A9: =IF($S9="","",INDEX(Resultaten!$AA$7:$AA$66,$S9)) | B9: =IF($S9="","",INDEX(Resultaten!$B$7:$B$66,$S9)) | C9: =IF($S9="","",INDEX(Resultaten!$C$7:$C$66,$S9)) | D9: =IF($S9="","",INDEX(Resultaten!$D$7:$D$66,$S9)) | E9: =IF($S9="","","Geschoten") | F9: =IF($S9="","",IF(INDEX(Resultaten!$E$7:$N$66,$S9,1)="","",INDEX(Resultaten!$E$7:$N$66,$S9,1))) | G9: =IF($S9="","",IF(INDEX(Resultaten!$E$7:$N$66,$S9,2)="","",INDEX(Resultaten!$E$7:$N$66,$S9,2))) | H9: =IF($S9="","",IF(INDEX(Resultaten!$E$7:$N$66,$S9,3)="","",INDEX(Resultaten!$E$7:$N$66,$S9,3))) | I9: =IF($S9="","",IF(INDEX(Resultaten!$E$7:$N$66,$S9,4)="","",INDEX(Resultaten!$E$7:$N$66,$S9,4))) | J9: =IF($S9="","",IF(INDEX(Resultaten!$E$7:$N$66,$S9,5)="","",INDEX(Resultaten!$E$7:$N$66,$S9,5))) | K9: =IF($S9="","",IF(INDEX(Resultaten!$E$7:$N$66,$S9,6)="","",INDEX(Resultaten!$E$7:$N$66,$S9,6))) | L9: =IF($S9="","",IF(INDEX(Resultaten!$E$7:$N$66,$S9,7)="","",INDEX(Resultaten!$E$7:$N$66,$S9,7))) | M9: =IF($S9="","",IF(INDEX(Resultaten!$E$7:$N$66,$S9,8)="","",INDEX(Resultaten!$E$7:$N$66,$S9,8))) | N9: =IF($S9="","",IF(INDEX(Resultaten!$E$7:$N$66,$S9,9)="","",INDEX(Resultaten!$E$7:$N$66,$S9,9))) | O9: =IF($S9="","",IF(INDEX(Resultaten!$E$7:$N$66,$S9,10)="","",INDEX(Resultaten!$E$7:$N$66,$S9,10))) | P9: =IF(OR($S9="",COUNT($F9:$O9)=0),"",ROUND(IFERROR(LARGE($F9:$O9,1),0)*($R$5>=1)+IFERROR(LARGE($F9:$O9,2),0)*($R$5>=2)+IFERROR(LARGE($F9:$O9,3),0)*($R$5>=3)+IFERROR(LARGE($F9:$O9,4),0)*($R$5>=4)+IFERROR(LARGE($F9:$O9,5),0)*($R$5>=5)+IFERROR(LARGE($F9:$O9,6),0)*($R$5>=6)+IFERROR(LARGE($F9:$O9,7),0)*($R$5>=7)+IFERROR(LARGE($F9:$O9,8),0)*($R$5>=8)+IFERROR(LARGE($F9:$O9,9),0)*($R$5>=9)+IFERROR(LARGE($F9:$O9,10),0)*($R$5>=10),1)) | Q9: =IF(N($P9)=0,"",$P9/MIN($R$5,COUNT($F9:$O9))) | R9: =IFERROR(LARGE(Resultaten!$AC$7:$AC$66,2),"") | S9: =IF($R9="","",MATCH($R9,Resultaten!$AC$7:$AC$66,0))
E10: =IF($S9="","","Op 100 schutters") | F10: =IF($S9="","",INDEX(Resultaten!$O$7:$X$66,$S9,1)) | G10: =IF($S9="","",INDEX(Resultaten!$O$7:$X$66,$S9,2)) | H10: =IF($S9="","",INDEX(Resultaten!$O$7:$X$66,$S9,3)) | I10: =IF($S9="","",INDEX(Resultaten!$O$7:$X$66,$S9,4)) | J10: =IF($S9="","",INDEX(Resultaten!$O$7:$X$66,$S9,5)) | K10: =IF($S9="","",INDEX(Resultaten!$O$7:$X$66,$S9,6)) | L10: =IF($S9="","",INDEX(Resultaten!$O$7:$X$66,$S9,7)) | M10: =IF($S9="","",INDEX(Resultaten!$O$7:$X$66,$S9,8)) | N10: =IF($S9="","",INDEX(Resultaten!$O$7:$X$66,$S9,9)) | O10: =IF($S9="","",INDEX(Resultaten!$O$7:$X$66,$S9,10)) | P10: =IF($S9="","",INDEX(Resultaten!$Y$7:$Y$66,$S9)) | Q10: =IF($S9="","",INDEX(Resultaten!$Z$7:$Z$66,$S9)) | S10: =$S9
A11: =IF($S11="","",INDEX(Resultaten!$AA$7:$AA$66,$S11)) | B11: =IF($S11="","",INDEX(Resultaten!$B$7:$B$66,$S11)) | C11: =IF($S11="","",INDEX(Resultaten!$C$7:$C$66,$S11)) | D11: =IF($S11="","",INDEX(Resultaten!$D$7:$D$66,$S11)) | E11: =IF($S11="","","Geschoten") | F11: =IF($S11="","",IF(INDEX(Resultaten!$E$7:$N$66,$S11,1)="","",INDEX(Resultaten!$E$7:$N$66,$S11,1))) | G11: =IF($S11="","",IF(INDEX(Resultaten!$E$7:$N$66,$S11,2)="","",INDEX(Resultaten!$E$7:$N$66,$S11,2))) | H11: =IF($S11="","",IF(INDEX(Resultaten!$E$7:$N$66,$S11,3)="","",INDEX(Resultaten!$E$7:$N$66,$S11,3))) | I11: =IF($S11="","",IF(INDEX(Resultaten!$E$7:$N$66,$S11,4)="","",INDEX(Resultaten!$E$7:$N$66,$S11,4))) | J11: =IF($S11="","",IF(INDEX(Resultaten!$E$7:$N$66,$S11,5)="","",INDEX(Resultaten!$E$7:$N$66,$S11,5))) | K11: =IF($S11="","",IF(INDEX(Resultaten!$E$7:$N$66,$S11,6)="","",INDEX(Resultaten!$E$7:$N$66,$S11,6))) | L11: =IF($S11="","",IF(INDEX(Resultaten!$E$7:$N$66,$S11,7)="","",INDEX(Resultaten!$E$7:$N$66,$S11,7))) | M11: =IF($S11="","",IF(INDEX(Resultaten!$E$7:$N$66,$S11,8)="","",INDEX(Resultaten!$E$7:$N$66,$S11,8))) | N11: =IF($S11="","",IF(INDEX(Resultaten!$E$7:$N$66,$S11,9)="","",INDEX(Resultaten!$E$7:$N$66,$S11,9))) | O11: =IF($S11="","",IF(INDEX(Resultaten!$E$7:$N$66,$S11,10)="","",INDEX(Resultaten!$E$7:$N$66,$S11,10))) | P11: =IF(OR($S11="",COUNT($F11:$O11)=0),"",ROUND(IFERROR(LARGE($F11:$O11,1),0)*($R$5>=1)+IFERROR(LARGE($F11:$O11,2),0)*($R$5>=2)+IFERROR(LARGE($F11:$O11,3),0)*($R$5>=3)+IFERROR(LARGE($F11:$O11,4),0)*($R$5>=4)+IFERROR(LARGE($F11:$O11,5),0)*($R$5>=5)+IFERROR(LARGE($F11:$O11,6),0)*($R$5>=6)+IFERROR(LARGE($F11:$O11,7),0)*($R$5>=7)+IFERROR(LARGE($F11:$O11,8),0)*($R$5>=8)+IFERROR(LARGE($F11:$O11,9),0)*($R$5>=9)+IFERROR(LARGE($F11:$O11,10),0)*($R$5>=10),1)) | Q11: =IF(N($P11)=0,"",$P11/MIN($R$5,COUNT($F11:$O11))) | R11: =IFERROR(LARGE(Resultaten!$AC$7:$AC$66,3),"") | S11: =IF($R11="","",MATCH($R11,Resultaten!$AC$7:$AC$66,0))
E12: =IF($S11="","","Op 100 schutters") | F12: =IF($S11="","",INDEX(Resultaten!$O$7:$X$66,$S11,1)) | G12: =IF($S11="","",INDEX(Resultaten!$O$7:$X$66,$S11,2)) | H12: =IF($S11="","",INDEX(Resultaten!$O$7:$X$66,$S11,3)) | I12: =IF($S11="","",INDEX(Resultaten!$O$7:$X$66,$S11,4)) | J12: =IF($S11="","",INDEX(Resultaten!$O$7:$X$66,$S11,5)) | K12: =IF($S11="","",INDEX(Resultaten!$O$7:$X$66,$S11,6)) | L12: =IF($S11="","",INDEX(Resultaten!$O$7:$X$66,$S11,7)) | M12: =IF($S11="","",INDEX(Resultaten!$O$7:$X$66,$S11,8)) | N12: =IF($S11="","",INDEX(Resultaten!$O$7:$X$66,$S11,9)) | O12: =IF($S11="","",INDEX(Resultaten!$O$7:$X$66,$S11,10)) | P12: =IF($S11="","",INDEX(Resultaten!$Y$7:$Y$66,$S11)) | Q12: =IF($S11="","",INDEX(Resultaten!$Z$7:$Z$66,$S11)) | S12: =$S11
A13: =IF($S13="","",INDEX(Resultaten!$AA$7:$AA$66,$S13)) | B13: =IF($S13="","",INDEX(Resultaten!$B$7:$B$66,$S13)) | C13: =IF($S13="","",INDEX(Resultaten!$C$7:$C$66,$S13)) | D13: =IF($S13="","",INDEX(Resultaten!$D$7:$D$66,$S13)) | E13: =IF($S13="","","Geschoten") | F13: =IF($S13="","",IF(INDEX(Resultaten!$E$7:$N$66,$S13,1)="","",INDEX(Resultaten!$E$7:$N$66,$S13,1))) | G13: =IF($S13="","",IF(INDEX(Resultaten!$E$7:$N$66,$S13,2)="","",INDEX(Resultaten!$E$7:$N$66,$S13,2))) | H13: =IF($S13="","",IF(INDEX(Resultaten!$E$7:$N$66,$S13,3)="","",INDEX(Resultaten!$E$7:$N$66,$S13,3))) | I13: =IF($S13="","",IF(INDEX(Resultaten!$E$7:$N$66,$S13,4)="","",INDEX(Resultaten!$E$7:$N$66,$S13,4))) | J13: =IF($S13="","",IF(INDEX(Resultaten!$E$7:$N$66,$S13,5)="","",INDEX(Resultaten!$E$7:$N$66,$S13,5))) | K13: =IF($S13="","",IF(INDEX(Resultaten!$E$7:$N$66,$S13,6)="","",INDEX(Resultaten!$E$7:$N$66,$S13,6))) | L13: =IF($S13="","",IF(INDEX(Resultaten!$E$7:$N$66,$S13,7)="","",INDEX(Resultaten!$E$7:$N$66,$S13,7))) | M13: =IF($S13="","",IF(INDEX(Resultaten!$E$7:$N$66,$S13,8)="","",INDEX(Resultaten!$E$7:$N$66,$S13,8))) | N13: =IF($S13="","",IF(INDEX(Resultaten!$E$7:$N$66,$S13,9)="","",INDEX(Resultaten!$E$7:$N$66,$S13,9))) | O13: =IF($S13="","",IF(INDEX(Resultaten!$E$7:$N$66,$S13,10)="","",INDEX(Resultaten!$E$7:$N$66,$S13,10))) | P13: =IF(OR($S13="",COUNT($F13:$O13)=0),"",ROUND(IFERROR(LARGE($F13:$O13,1),0)*($R$5>=1)+IFERROR(LARGE($F13:$O13,2),0)*($R$5>=2)+IFERROR(LARGE($F13:$O13,3),0)*($R$5>=3)+IFERROR(LARGE($F13:$O13,4),0)*($R$5>=4)+IFERROR(LARGE($F13:$O13,5),0)*($R$5>=5)+IFERROR(LARGE($F13:$O13,6),0)*($R$5>=6)+IFERROR(LARGE($F13:$O13,7),0)*($R$5>=7)+IFERROR(LARGE($F13:$O13,8),0)*($R$5>=8)+IFERROR(LARGE($F13:$O13,9),0)*($R$5>=9)+IFERROR(LARGE($F13:$O13,10),0)*($R$5>=10),1)) | Q13: =IF(N($P13)=0,"",$P13/MIN($R$5,COUNT($F13:$O13))) | R13: =IFERROR(LARGE(Resultaten!$AC$7:$AC$66,4),"") | S13: =IF($R13="","",MATCH($R13,Resultaten!$AC$7:$AC$66,0))
E14: =IF($S13="","","Op 100 schutters") | F14: =IF($S13="","",INDEX(Resultaten!$O$7:$X$66,$S13,1)) | G14: =IF($S13="","",INDEX(Resultaten!$O$7:$X$66,$S13,2)) | H14: =IF($S13="","",INDEX(Resultaten!$O$7:$X$66,$S13,3)) | I14: =IF($S13="","",INDEX(Resultaten!$O$7:$X$66,$S13,4)) | J14: =IF($S13="","",INDEX(Resultaten!$O$7:$X$66,$S13,5)) | K14: =IF($S13="","",INDEX(Resultaten!$O$7:$X$66,$S13,6)) | L14: =IF($S13="","",INDEX(Resultaten!$O$7:$X$66,$S13,7)) | M14: =IF($S13="","",INDEX(Resultaten!$O$7:$X$66,$S13,8)) | N14: =IF($S13="","",INDEX(Resultaten!$O$7:$X$66,$S13,9)) | O14: =IF($S13="","",INDEX(Resultaten!$O$7:$X$66,$S13,10)) | P14: =IF($S13="","",INDEX(Resultaten!$Y$7:$Y$66,$S13)) | Q14: =IF($S13="","",INDEX(Resultaten!$Z$7:$Z$66,$S13)) | S14: =$S13
A15: =IF($S15="","",INDEX(Resultaten!$AA$7:$AA$66,$S15)) | B15: =IF($S15="","",INDEX(Resultaten!$B$7:$B$66,$S15)) | C15: =IF($S15="","",INDEX(Resultaten!$C$7:$C$66,$S15)) | D15: =IF($S15="","",INDEX(Resultaten!$D$7:$D$66,$S15)) | E15: =IF($S15="","","Geschoten") | F15: =IF($S15="","",IF(INDEX(Resultaten!$E$7:$N$66,$S15,1)="","",INDEX(Resultaten!$E$7:$N$66,$S15,1))) | G15: =IF($S15="","",IF(INDEX(Resultaten!$E$7:$N$66,$S15,2)="","",INDEX(Resultaten!$E$7:$N$66,$S15,2))) | H15: =IF($S15="","",IF(INDEX(Resultaten!$E$7:$N$66,$S15,3)="","",INDEX(Resultaten!$E$7:$N$66,$S15,3))) | I15: =IF($S15="","",IF(INDEX(Resultaten!$E$7:$N$66,$S15,4)="","",INDEX(Resultaten!$E$7:$N$66,$S15,4))) | J15: =IF($S15="","",IF(INDEX(Resultaten!$E$7:$N$66,$S15,5)="","",INDEX(Resultaten!$E$7:$N$66,$S15,5))) | K15: =IF($S15="","",IF(INDEX(Resultaten!$E$7:$N$66,$S15,6)="","",INDEX(Resultaten!$E$7:$N$66,$S15,6))) | L15: =IF($S15="","",IF(INDEX(Resultaten!$E$7:$N$66,$S15,7)="","",INDEX(Resultaten!$E$7:$N$66,$S15,7))) | M15: =IF($S15="","",IF(INDEX(Resultaten!$E$7:$N$66,$S15,8)="","",INDEX(Resultaten!$E$7:$N$66,$S15,8))) | N15: =IF($S15="","",IF(INDEX(Resultaten!$E$7:$N$66,$S15,9)="","",INDEX(Resultaten!$E$7:$N$66,$S15,9))) | O15: =IF($S15="","",IF(INDEX(Resultaten!$E$7:$N$66,$S15,10)="","",INDEX(Resultaten!$E$7:$N$66,$S15,10))) | P15: =IF(OR($S15="",COUNT($F15:$O15)=0),"",ROUND(IFERROR(LARGE($F15:$O15,1),0)*($R$5>=1)+IFERROR(LARGE($F15:$O15,2),0)*($R$5>=2)+IFERROR(LARGE($F15:$O15,3),0)*($R$5>=3)+IFERROR(LARGE($F15:$O15,4),0)*($R$5>=4)+IFERROR(LARGE($F15:$O15,5),0)*($R$5>=5)+IFERROR(LARGE($F15:$O15,6),0)*($R$5>=6)+IFERROR(LARGE($F15:$O15,7),0)*($R$5>=7)+IFERROR(LARGE($F15:$O15,8),0)*($R$5>=8)+IFERROR(LARGE($F15:$O15,9),0)*($R$5>=9)+IFERROR(LARGE($F15:$O15,10),0)*($R$5>=10),1)) | Q15: =IF(N($P15)=0,"",$P15/MIN($R$5,COUNT($F15:$O15))) | R15: =IFERROR(LARGE(Resultaten!$AC$7:$AC$66,5),"") | S15: =IF($R15="","",MATCH($R15,Resultaten!$AC$7:$AC$66,0))
E16: =IF($S15="","","Op 100 schutters") | F16: =IF($S15="","",INDEX(Resultaten!$O$7:$X$66,$S15,1)) | G16: =IF($S15="","",INDEX(Resultaten!$O$7:$X$66,$S15,2)) | H16: =IF($S15="","",INDEX(Resultaten!$O$7:$X$66,$S15,3)) | I16: =IF($S15="","",INDEX(Resultaten!$O$7:$X$66,$S15,4)) | J16: =IF($S15="","",INDEX(Resultaten!$O$7:$X$66,$S15,5)) | K16: =IF($S15="","",INDEX(Resultaten!$O$7:$X$66,$S15,6)) | L16: =IF($S15="","",INDEX(Resultaten!$O$7:$X$66,$S15,7)) | M16: =IF($S15="","",INDEX(Resultaten!$O$7:$X$66,$S15,8)) | N16: =IF($S15="","",INDEX(Resultaten!$O$7:$X$66,$S15,9)) | O16: =IF($S15="","",INDEX(Resultaten!$O$7:$X$66,$S15,10)) | P16: =IF($S15="","",INDEX(Resultaten!$Y$7:$Y$66,$S15)) | Q16: =IF($S15="","",INDEX(Resultaten!$Z$7:$Z$66,$S15)) | S16: =$S15
A17: =IF($S17="","",INDEX(Resultaten!$AA$7:$AA$66,$S17)) | B17: =IF($S17="","",INDEX(Resultaten!$B$7:$B$66,$S17)) | C17: =IF($S17="","",INDEX(Resultaten!$C$7:$C$66,$S17)) | D17: =IF($S17="","",INDEX(Resultaten!$D$7:$D$66,$S17)) | E17: =IF($S17="","","Geschoten") | F17: =IF($S17="","",IF(INDEX(Resultaten!$E$7:$N$66,$S17,1)="","",INDEX(Resultaten!$E$7:$N$66,$S17,1))) | G17: =IF($S17="","",IF(INDEX(Resultaten!$E$7:$N$66,$S17,2)="","",INDEX(Resultaten!$E$7:$N$66,$S17,2))) | H17: =IF($S17="","",IF(INDEX(Resultaten!$E$7:$N$66,$S17,3)="","",INDEX(Resultaten!$E$7:$N$66,$S17,3))) | I17: =IF($S17="","",IF(INDEX(Resultaten!$E$7:$N$66,$S17,4)="","",INDEX(Resultaten!$E$7:$N$66,$S17,4))) | J17: =IF($S17="","",IF(INDEX(Resultaten!$E$7:$N$66,$S17,5)="","",INDEX(Resultaten!$E$7:$N$66,$S17,5))) | K17: =IF($S17="","",IF(INDEX(Resultaten!$E$7:$N$66,$S17,6)="","",INDEX(Resultaten!$E$7:$N$66,$S17,6))) | L17: =IF($S17="","",IF(INDEX(Resultaten!$E$7:$N$66,$S17,7)="","",INDEX(Resultaten!$E$7:$N$66,$S17,7))) | M17: =IF($S17="","",IF(INDEX(Resultaten!$E$7:$N$66,$S17,8)="","",INDEX(Resultaten!$E$7:$N$66,$S17,8))) | N17: =IF($S17="","",IF(INDEX(Resultaten!$E$7:$N$66,$S17,9)="","",INDEX(Resultaten!$E$7:$N$66,$S17,9))) | O17: =IF($S17="","",IF(INDEX(Resultaten!$E$7:$N$66,$S17,10)="","",INDEX(Resultaten!$E$7:$N$66,$S17,10))) | P17: =IF(OR($S17="",COUNT($F17:$O17)=0),"",ROUND(IFERROR(LARGE($F17:$O17,1),0)*($R$5>=1)+IFERROR(LARGE($F17:$O17,2),0)*($R$5>=2)+IFERROR(LARGE($F17:$O17,3),0)*($R$5>=3)+IFERROR(LARGE($F17:$O17,4),0)*($R$5>=4)+IFERROR(LARGE($F17:$O17,5),0)*($R$5>=5)+IFERROR(LARGE($F17:$O17,6),0)*($R$5>=6)+IFERROR(LARGE($F17:$O17,7),0)*($R$5>=7)+IFERROR(LARGE($F17:$O17,8),0)*($R$5>=8)+IFERROR(LARGE($F17:$O17,9),0)*($R$5>=9)+IFERROR(LARGE($F17:$O17,10),0)*($R$5>=10),1)) | Q17: =IF(N($P17)=0,"",$P17/MIN($R$5,COUNT($F17:$O17))) | R17: =IFERROR(LARGE(Resultaten!$AC$7:$AC$66,6),"") | S17: =IF($R17="","",MATCH($R17,Resultaten!$AC$7:$AC$66,0))
E18: =IF($S17="","","Op 100 schutters") | F18: =IF($S17="","",INDEX(Resultaten!$O$7:$X$66,$S17,1)) | G18: =IF($S17="","",INDEX(Resultaten!$O$7:$X$66,$S17,2)) | H18: =IF($S17="","",INDEX(Resultaten!$O$7:$X$66,$S17,3)) | I18: =IF($S17="","",INDEX(Resultaten!$O$7:$X$66,$S17,4)) | J18: =IF($S17="","",INDEX(Resultaten!$O$7:$X$66,$S17,5)) | K18: =IF($S17="","",INDEX(Resultaten!$O$7:$X$66,$S17,6)) | L18: =IF($S17="","",INDEX(Resultaten!$O$7:$X$66,$S17,7)) | M18: =IF($S17="","",INDEX(Resultaten!$O$7:$X$66,$S17,8)) | N18: =IF($S17="","",INDEX(Resultaten!$O$7:$X$66,$S17,9)) | O18: =IF($S17="","",INDEX(Resultaten!$O$7:$X$66,$S17,10)) | P18: =IF($S17="","",INDEX(Resultaten!$Y$7:$Y$66,$S17)) | Q18: =IF($S17="","",INDEX(Resultaten!$Z$7:$Z$66,$S17)) | S18: =$S17
A19: =IF($S19="","",INDEX(Resultaten!$AA$7:$AA$66,$S19)) | B19: =IF($S19="","",INDEX(Resultaten!$B$7:$B$66,$S19)) | C19: =IF($S19="","",INDEX(Resultaten!$C$7:$C$66,$S19)) | D19: =IF($S19="","",INDEX(Resultaten!$D$7:$D$66,$S19)) | E19: =IF($S19="","","Geschoten") | F19: =IF($S19="","",IF(INDEX(Resultaten!$E$7:$N$66,$S19,1)="","",INDEX(Resultaten!$E$7:$N$66,$S19,1))) | G19: =IF($S19="","",IF(INDEX(Resultaten!$E$7:$N$66,$S19,2)="","",INDEX(Resultaten!$E$7:$N$66,$S19,2))) | H19: =IF($S19="","",IF(INDEX(Resultaten!$E$7:$N$66,$S19,3)="","",INDEX(Resultaten!$E$7:$N$66,$S19,3))) | I19: =IF($S19="","",IF(INDEX(Resultaten!$E$7:$N$66,$S19,4)="","",INDEX(Resultaten!$E$7:$N$66,$S19,4))) | J19: =IF($S19="","",IF(INDEX(Resultaten!$E$7:$N$66,$S19,5)="","",INDEX(Resultaten!$E$7:$N$66,$S19,5))) | K19: =IF($S19="","",IF(INDEX(Resultaten!$E$7:$N$66,$S19,6)="","",INDEX(Resultaten!$E$7:$N$66,$S19,6))) | L19: =IF($S19="","",IF(INDEX(Resultaten!$E$7:$N$66,$S19,7)="","",INDEX(Resultaten!$E$7:$N$66,$S19,7))) | M19: =IF($S19="","",IF(INDEX(Resultaten!$E$7:$N$66,$S19,8)="","",INDEX(Resultaten!$E$7:$N$66,$S19,8))) | N19: =IF($S19="","",IF(INDEX(Resultaten!$E$7:$N$66,$S19,9)="","",INDEX(Resultaten!$E$7:$N$66,$S19,9))) | O19: =IF($S19="","",IF(INDEX(Resultaten!$E$7:$N$66,$S19,10)="","",INDEX(Resultaten!$E$7:$N$66,$S19,10))) | P19: =IF(OR($S19="",COUNT($F19:$O19)=0),"",ROUND(IFERROR(LARGE($F19:$O19,1),0)*($R$5>=1)+IFERROR(LARGE($F19:$O19,2),0)*($R$5>=2)+IFERROR(LARGE($F19:$O19,3),0)*($R$5>=3)+IFERROR(LARGE($F19:$O19,4),0)*($R$5>=4)+IFERROR(LARGE($F19:$O19,5),0)*($R$5>=5)+IFERROR(LARGE($F19:$O19,6),0)*($R$5>=6)+IFERROR(LARGE($F19:$O19,7),0)*($R$5>=7)+IFERROR(LARGE($F19:$O19,8),0)*($R$5>=8)+IFERROR(LARGE($F19:$O19,9),0)*($R$5>=9)+IFERROR(LARGE($F19:$O19,10),0)*($R$5>=10),1)) | Q19: =IF(N($P19)=0,"",$P19/MIN($R$5,COUNT($F19:$O19))) | R19: =IFERROR(LARGE(Resultaten!$AC$7:$AC$66,7),"") | S19: =IF($R19="","",MATCH($R19,Resultaten!$AC$7:$AC$66,0))
E20: =IF($S19="","","Op 100 schutters") | F20: =IF($S19="","",INDEX(Resultaten!$O$7:$X$66,$S19,1)) | G20: =IF($S19="","",INDEX(Resultaten!$O$7:$X$66,$S19,2)) | H20: =IF($S19="","",INDEX(Resultaten!$O$7:$X$66,$S19,3)) | I20: =IF($S19="","",INDEX(Resultaten!$O$7:$X$66,$S19,4)) | J20: =IF($S19="","",INDEX(Resultaten!$O$7:$X$66,$S19,5)) | K20: =IF($S19="","",INDEX(Resultaten!$O$7:$X$66,$S19,6)) | L20: =IF($S19="","",INDEX(Resultaten!$O$7:$X$66,$S19,7)) | M20: =IF($S19="","",INDEX(Resultaten!$O$7:$X$66,$S19,8)) | N20: =IF($S19="","",INDEX(Resultaten!$O$7:$X$66,$S19,9)) | O20: =IF($S19="","",INDEX(Resultaten!$O$7:$X$66,$S19,10)) | P20: =IF($S19="","",INDEX(Resultaten!$Y$7:$Y$66,$S19)) | Q20: =IF($S19="","",INDEX(Resultaten!$Z$7:$Z$66,$S19)) | S20: =$S19
A21: =IF($S21="","",INDEX(Resultaten!$AA$7:$AA$66,$S21)) | B21: =IF($S21="","",INDEX(Resultaten!$B$7:$B$66,$S21)) | C21: =IF($S21="","",INDEX(Resultaten!$C$7:$C$66,$S21)) | D21: =IF($S21="","",INDEX(Resultaten!$D$7:$D$66,$S21)) | E21: =IF($S21="","","Geschoten") | F21: =IF($S21="","",IF(INDEX(Resultaten!$E$7:$N$66,$S21,1)="","",INDEX(Resultaten!$E$7:$N$66,$S21,1))) | G21: =IF($S21="","",IF(INDEX(Resultaten!$E$7:$N$66,$S21,2)="","",INDEX(Resultaten!$E$7:$N$66,$S21,2))) | H21: =IF($S21="","",IF(INDEX(Resultaten!$E$7:$N$66,$S21,3)="","",INDEX(Resultaten!$E$7:$N$66,$S21,3))) | I21: =IF($S21="","",IF(INDEX(Resultaten!$E$7:$N$66,$S21,4)="","",INDEX(Resultaten!$E$7:$N$66,$S21,4))) | J21: =IF($S21="","",IF(INDEX(Resultaten!$E$7:$N$66,$S21,5)="","",INDEX(Resultaten!$E$7:$N$66,$S21,5))) | K21: =IF($S21="","",IF(INDEX(Resultaten!$E$7:$N$66,$S21,6)="","",INDEX(Resultaten!$E$7:$N$66,$S21,6))) | L21: =IF($S21="","",IF(INDEX(Resultaten!$E$7:$N$66,$S21,7)="","",INDEX(Resultaten!$E$7:$N$66,$S21,7))) | M21: =IF($S21="","",IF(INDEX(Resultaten!$E$7:$N$66,$S21,8)="","",INDEX(Resultaten!$E$7:$N$66,$S21,8))) | N21: =IF($S21="","",IF(INDEX(Resultaten!$E$7:$N$66,$S21,9)="","",INDEX(Resultaten!$E$7:$N$66,$S21,9))) | O21: =IF($S21="","",IF(INDEX(Resultaten!$E$7:$N$66,$S21,10)="","",INDEX(Resultaten!$E$7:$N$66,$S21,10))) | P21: =IF(OR($S21="",COUNT($F21:$O21)=0),"",ROUND(IFERROR(LARGE($F21:$O21,1),0)*($R$5>=1)+IFERROR(LARGE($F21:$O21,2),0)*($R$5>=2)+IFERROR(LARGE($F21:$O21,3),0)*($R$5>=3)+IFERROR(LARGE($F21:$O21,4),0)*($R$5>=4)+IFERROR(LARGE($F21:$O21,5),0)*($R$5>=5)+IFERROR(LARGE($F21:$O21,6),0)*($R$5>=6)+IFERROR(LARGE($F21:$O21,7),0)*($R$5>=7)+IFERROR(LARGE($F21:$O21,8),0)*($R$5>=8)+IFERROR(LARGE($F21:$O21,9),0)*($R$5>=9)+IFERROR(LARGE($F21:$O21,10),0)*($R$5>=10),1)) | Q21: =IF(N($P21)=0,"",$P21/MIN($R$5,COUNT($F21:$O21))) | R21: =IFERROR(LARGE(Resultaten!$AC$7:$AC$66,8),"") | S21: =IF($R21="","",MATCH($R21,Resultaten!$AC$7:$AC$66,0))
E22: =IF($S21="","","Op 100 schutters") | F22: =IF($S21="","",INDEX(Resultaten!$O$7:$X$66,$S21,1)) | G22: =IF($S21="","",INDEX(Resultaten!$O$7:$X$66,$S21,2)) | H22: =IF($S21="","",INDEX(Resultaten!$O$7:$X$66,$S21,3)) | I22: =IF($S21="","",INDEX(Resultaten!$O$7:$X$66,$S21,4)) | J22: =IF($S21="","",INDEX(Resultaten!$O$7:$X$66,$S21,5)) | K22: =IF($S21="","",INDEX(Resultaten!$O$7:$X$66,$S21,6)) | L22: =IF($S21="","",INDEX(Resultaten!$O$7:$X$66,$S21,7)) | M22: =IF($S21="","",INDEX(Resultaten!$O$7:$X$66,$S21,8)) | N22: =IF($S21="","",INDEX(Resultaten!$O$7:$X$66,$S21,9)) | O22: =IF($S21="","",INDEX(Resultaten!$O$7:$X$66,$S21,10)) | P22: =IF($S21="","",INDEX(Resultaten!$Y$7:$Y$66,$S21)) | Q22: =IF($S21="","",INDEX(Resultaten!$Z$7:$Z$66,$S21)) | S22: =$S21
A23: =IF($S23="","",INDEX(Resultaten!$AA$7:$AA$66,$S23)) | B23: =IF($S23="","",INDEX(Resultaten!$B$7:$B$66,$S23)) | C23: =IF($S23="","",INDEX(Resultaten!$C$7:$C$66,$S23)) | D23: =IF($S23="","",INDEX(Resultaten!$D$7:$D$66,$S23)) | E23: =IF($S23="","","Geschoten") | F23: =IF($S23="","",IF(INDEX(Resultaten!$E$7:$N$66,$S23,1)="","",INDEX(Resultaten!$E$7:$N$66,$S23,1))) | G23: =IF($S23="","",IF(INDEX(Resultaten!$E$7:$N$66,$S23,2)="","",INDEX(Resultaten!$E$7:$N$66,$S23,2))) | H23: =IF($S23="","",IF(INDEX(Resultaten!$E$7:$N$66,$S23,3)="","",INDEX(Resultaten!$E$7:$N$66,$S23,3))) | I23: =IF($S23="","",IF(INDEX(Resultaten!$E$7:$N$66,$S23,4)="","",INDEX(Resultaten!$E$7:$N$66,$S23,4))) | J23: =IF($S23="","",IF(INDEX(Resultaten!$E$7:$N$66,$S23,5)="","",INDEX(Resultaten!$E$7:$N$66,$S23,5))) | K23: =IF($S23="","",IF(INDEX(Resultaten!$E$7:$N$66,$S23,6)="","",INDEX(Resultaten!$E$7:$N$66,$S23,6))) | L23: =IF($S23="","",IF(INDEX(Resultaten!$E$7:$N$66,$S23,7)="","",INDEX(Resultaten!$E$7:$N$66,$S23,7))) | M23: =IF($S23="","",IF(INDEX(Resultaten!$E$7:$N$66,$S23,8)="","",INDEX(Resultaten!$E$7:$N$66,$S23,8))) | N23: =IF($S23="","",IF(INDEX(Resultaten!$E$7:$N$66,$S23,9)="","",INDEX(Resultaten!$E$7:$N$66,$S23,9))) | O23: =IF($S23="","",IF(INDEX(Resultaten!$E$7:$N$66,$S23,10)="","",INDEX(Resultaten!$E$7:$N$66,$S23,10))) | P23: =IF(OR($S23="",COUNT($F23:$O23)=0),"",ROUND(IFERROR(LARGE($F23:$O23,1),0)*($R$5>=1)+IFERROR(LARGE($F23:$O23,2),0)*($R$5>=2)+IFERROR(LARGE($F23:$O23,3),0)*($R$5>=3)+IFERROR(LARGE($F23:$O23,4),0)*($R$5>=4)+IFERROR(LARGE($F23:$O23,5),0)*($R$5>=5)+IFERROR(LARGE($F23:$O23,6),0)*($R$5>=6)+IFERROR(LARGE($F23:$O23,7),0)*($R$5>=7)+IFERROR(LARGE($F23:$O23,8),0)*($R$5>=8)+IFERROR(LARGE($F23:$O23,9),0)*($R$5>=9)+IFERROR(LARGE($F23:$O23,10),0)*($R$5>=10),1)) | Q23: =IF(N($P23)=0,"",$P23/MIN($R$5,COUNT($F23:$O23))) | R23: =IFERROR(LARGE(Resultaten!$AC$7:$AC$66,9),"") | S23: =IF($R23="","",MATCH($R23,Resultaten!$AC$7:$AC$66,0))
E24: =IF($S23="","","Op 100 schutters") | F24: =IF($S23="","",INDEX(Resultaten!$O$7:$X$66,$S23,1)) | G24: =IF($S23="","",INDEX(Resultaten!$O$7:$X$66,$S23,2)) | H24: =IF($S23="","",INDEX(Resultaten!$O$7:$X$66,$S23,3)) | I24: =IF($S23="","",INDEX(Resultaten!$O$7:$X$66,$S23,4)) | J24: =IF($S23="","",INDEX(Resultaten!$O$7:$X$66,$S23,5)) | K24: =IF($S23="","",INDEX(Resultaten!$O$7:$X$66,$S23,6)) | L24: =IF($S23="","",INDEX(Resultaten!$O$7:$X$66,$S23,7)) | M24: =IF($S23="","",INDEX(Resultaten!$O$7:$X$66,$S23,8)) | N24: =IF($S23="","",INDEX(Resultaten!$O$7:$X$66,$S23,9)) | O24: =IF($S23="","",INDEX(Resultaten!$O$7:$X$66,$S23,10)) | P24: =IF($S23="","",INDEX(Resultaten!$Y$7:$Y$66,$S23)) | Q24: =IF($S23="","",INDEX(Resultaten!$Z$7:$Z$66,$S23)) | S24: =$S23
A25: =IF($S25="","",INDEX(Resultaten!$AA$7:$AA$66,$S25)) | B25: =IF($S25="","",INDEX(Resultaten!$B$7:$B$66,$S25)) | C25: =IF($S25="","",INDEX(Resultaten!$C$7:$C$66,$S25)) | D25: =IF($S25="","",INDEX(Resultaten!$D$7:$D$66,$S25)) | E25: =IF($S25="","","Geschoten") | F25: =IF($S25="","",IF(INDEX(Resultaten!$E$7:$N$66,$S25,1)="","",INDEX(Resultaten!$E$7:$N$66,$S25,1))) | G25: =IF($S25="","",IF(INDEX(Resultaten!$E$7:$N$66,$S25,2)="","",INDEX(Resultaten!$E$7:$N$66,$S25,2))) | H25: =IF($S25="","",IF(INDEX(Resultaten!$E$7:$N$66,$S25,3)="","",INDEX(Resultaten!$E$7:$N$66,$S25,3))) | I25: =IF($S25="","",IF(INDEX(Resultaten!$E$7:$N$66,$S25,4)="","",INDEX(Resultaten!$E$7:$N$66,$S25,4))) | J25: =IF($S25="","",IF(INDEX(Resultaten!$E$7:$N$66,$S25,5)="","",INDEX(Resultaten!$E$7:$N$66,$S25,5))) | K25: =IF($S25="","",IF(INDEX(Resultaten!$E$7:$N$66,$S25,6)="","",INDEX(Resultaten!$E$7:$N$66,$S25,6))) | L25: =IF($S25="","",IF(INDEX(Resultaten!$E$7:$N$66,$S25,7)="","",INDEX(Resultaten!$E$7:$N$66,$S25,7))) | M25: =IF($S25="","",IF(INDEX(Resultaten!$E$7:$N$66,$S25,8)="","",INDEX(Resultaten!$E$7:$N$66,$S25,8))) | N25: =IF($S25="","",IF(INDEX(Resultaten!$E$7:$N$66,$S25,9)="","",INDEX(Resultaten!$E$7:$N$66,$S25,9))) | O25: =IF($S25="","",IF(INDEX(Resultaten!$E$7:$N$66,$S25,10)="","",INDEX(Resultaten!$E$7:$N$66,$S25,10))) | P25: =IF(OR($S25="",COUNT($F25:$O25)=0),"",ROUND(IFERROR(LARGE($F25:$O25,1),0)*($R$5>=1)+IFERROR(LARGE($F25:$O25,2),0)*($R$5>=2)+IFERROR(LARGE($F25:$O25,3),0)*($R$5>=3)+IFERROR(LARGE($F25:$O25,4),0)*($R$5>=4)+IFERROR(LARGE($F25:$O25,5),0)*($R$5>=5)+IFERROR(LARGE($F25:$O25,6),0)*($R$5>=6)+IFERROR(LARGE($F25:$O25,7),0)*($R$5>=7)+IFERROR(LARGE($F25:$O25,8),0)*($R$5>=8)+IFERROR(LARGE($F25:$O25,9),0)*($R$5>=9)+IFERROR(LARGE($F25:$O25,10),0)*($R$5>=10),1)) | Q25: =IF(N($P25)=0,"",$P25/MIN($R$5,COUNT($F25:$O25))) | R25: =IFERROR(LARGE(Resultaten!$AC$7:$AC$66,10),"") | S25: =IF($R25="","",MATCH($R25,Resultaten!$AC$7:$AC$66,0))
E26: =IF($S25="","","Op 100 schutters") | F26: =IF($S25="","",INDEX(Resultaten!$O$7:$X$66,$S25,1)) | G26: =IF($S25="","",INDEX(Resultaten!$O$7:$X$66,$S25,2)) | H26: =IF($S25="","",INDEX(Resultaten!$O$7:$X$66,$S25,3)) | I26: =IF($S25="","",INDEX(Resultaten!$O$7:$X$66,$S25,4)) | J26: =IF($S25="","",INDEX(Resultaten!$O$7:$X$66,$S25,5)) | K26: =IF($S25="","",INDEX(Resultaten!$O$7:$X$66,$S25,6)) | L26: =IF($S25="","",INDEX(Resultaten!$O$7:$X$66,$S25,7)) | M26: =IF($S25="","",INDEX(Resultaten!$O$7:$X$66,$S25,8)) | N26: =IF($S25="","",INDEX(Resultaten!$O$7:$X$66,$S25,9)) | O26: =IF($S25="","",INDEX(Resultaten!$O$7:$X$66,$S25,10)) | P26: =IF($S25="","",INDEX(Resultaten!$Y$7:$Y$66,$S25)) | Q26: =IF($S25="","",INDEX(Resultaten!$Z$7:$Z$66,$S25)) | S26: =$S25
A27: =IF($S27="","",INDEX(Resultaten!$AA$7:$AA$66,$S27)) | B27: =IF($S27="","",INDEX(Resultaten!$B$7:$B$66,$S27)) | C27: =IF($S27="","",INDEX(Resultaten!$C$7:$C$66,$S27)) | D27: =IF($S27="","",INDEX(Resultaten!$D$7:$D$66,$S27)) | E27: =IF($S27="","","Geschoten") | F27: =IF($S27="","",IF(INDEX(Resultaten!$E$7:$N$66,$S27,1)="","",INDEX(Resultaten!$E$7:$N$66,$S27,1))) | G27: =IF($S27="","",IF(INDEX(Resultaten!$E$7:$N$66,$S27,2)="","",INDEX(Resultaten!$E$7:$N$66,$S27,2))) | H27: =IF($S27="","",IF(INDEX(Resultaten!$E$7:$N$66,$S27,3)="","",INDEX(Resultaten!$E$7:$N$66,$S27,3))) | I27: =IF($S27="","",IF(INDEX(Resultaten!$E$7:$N$66,$S27,4)="","",INDEX(Resultaten!$E$7:$N$66,$S27,4))) | J27: =IF($S27="","",IF(INDEX(Resultaten!$E$7:$N$66,$S27,5)="","",INDEX(Resultaten!$E$7:$N$66,$S27,5))) | K27: =IF($S27="","",IF(INDEX(Resultaten!$E$7:$N$66,$S27,6)="","",INDEX(Resultaten!$E$7:$N$66,$S27,6))) | L27: =IF($S27="","",IF(INDEX(Resultaten!$E$7:$N$66,$S27,7)="","",INDEX(Resultaten!$E$7:$N$66,$S27,7))) | M27: =IF($S27="","",IF(INDEX(Resultaten!$E$7:$N$66,$S27,8)="","",INDEX(Resultaten!$E$7:$N$66,$S27,8))) | N27: =IF($S27="","",IF(INDEX(Resultaten!$E$7:$N$66,$S27,9)="","",INDEX(Resultaten!$E$7:$N$66,$S27,9))) | O27: =IF($S27="","",IF(INDEX(Resultaten!$E$7:$N$66,$S27,10)="","",INDEX(Resultaten!$E$7:$N$66,$S27,10))) | P27: =IF(OR($S27="",COUNT($F27:$O27)=0),"",ROUND(IFERROR(LARGE($F27:$O27,1),0)*($R$5>=1)+IFERROR(LARGE($F27:$O27,2),0)*($R$5>=2)+IFERROR(LARGE($F27:$O27,3),0)*($R$5>=3)+IFERROR(LARGE($F27:$O27,4),0)*($R$5>=4)+IFERROR(LARGE($F27:$O27,5),0)*($R$5>=5)+IFERROR(LARGE($F27:$O27,6),0)*($R$5>=6)+IFERROR(LARGE($F27:$O27,7),0)*($R$5>=7)+IFERROR(LARGE($F27:$O27,8),0)*($R$5>=8)+IFERROR(LARGE($F27:$O27,9),0)*($R$5>=9)+IFERROR(LARGE($F27:$O27,10),0)*($R$5>=10),1)) | Q27: =IF(N($P27)=0,"",$P27/MIN($R$5,COUNT($F27:$O27))) | R27: =IFERROR(LARGE(Resultaten!$AC$7:$AC$66,11),"") | S27: =IF($R27="","",MATCH($R27,Resultaten!$AC$7:$AC$66,0))
E28: =IF($S27="","","Op 100 schutters") | F28: =IF($S27="","",INDEX(Resultaten!$O$7:$X$66,$S27,1)) | G28: =IF($S27="","",INDEX(Resultaten!$O$7:$X$66,$S27,2)) | H28: =IF($S27="","",INDEX(Resultaten!$O$7:$X$66,$S27,3)) | I28: =IF($S27="","",INDEX(Resultaten!$O$7:$X$66,$S27,4)) | J28: =IF($S27="","",INDEX(Resultaten!$O$7:$X$66,$S27,5)) | K28: =IF($S27="","",INDEX(Resultaten!$O$7:$X$66,$S27,6)) | L28: =IF($S27="","",INDEX(Resultaten!$O$7:$X$66,$S27,7)) | M28: =IF($S27="","",INDEX(Resultaten!$O$7:$X$66,$S27,8)) | N28: =IF($S27="","",INDEX(Resultaten!$O$7:$X$66,$S27,9)) | O28: =IF($S27="","",INDEX(Resultaten!$O$7:$X$66,$S27,10)) | P28: =IF($S27="","",INDEX(Resultaten!$Y$7:$Y$66,$S27)) | Q28: =IF($S27="","",INDEX(Resultaten!$Z$7:$Z$66,$S27)) | S28: =$S27
A29: =IF($S29="","",INDEX(Resultaten!$AA$7:$AA$66,$S29)) | B29: =IF($S29="","",INDEX(Resultaten!$B$7:$B$66,$S29)) | C29: =IF($S29="","",INDEX(Resultaten!$C$7:$C$66,$S29)) | D29: =IF($S29="","",INDEX(Resultaten!$D$7:$D$66,$S29)) | E29: =IF($S29="","","Geschoten") | F29: =IF($S29="","",IF(INDEX(Resultaten!$E$7:$N$66,$S29,1)="","",INDEX(Resultaten!$E$7:$N$66,$S29,1))) | G29: =IF($S29="","",IF(INDEX(Resultaten!$E$7:$N$66,$S29,2)="","",INDEX(Resultaten!$E$7:$N$66,$S29,2))) | H29: =IF($S29="","",IF(INDEX(Resultaten!$E$7:$N$66,$S29,3)="","",INDEX(Resultaten!$E$7:$N$66,$S29,3))) | I29: =IF($S29="","",IF(INDEX(Resultaten!$E$7:$N$66,$S29,4)="","",INDEX(Resultaten!$E$7:$N$66,$S29,4))) | J29: =IF($S29="","",IF(INDEX(Resultaten!$E$7:$N$66,$S29,5)="","",INDEX(Resultaten!$E$7:$N$66,$S29,5))) | K29: =IF($S29="","",IF(INDEX(Resultaten!$E$7:$N$66,$S29,6)="","",INDEX(Resultaten!$E$7:$N$66,$S29,6))) | L29: =IF($S29="","",IF(INDEX(Resultaten!$E$7:$N$66,$S29,7)="","",INDEX(Resultaten!$E$7:$N$66,$S29,7))) | M29: =IF($S29="","",IF(INDEX(Resultaten!$E$7:$N$66,$S29,8)="","",INDEX(Resultaten!$E$7:$N$66,$S29,8))) | N29: =IF($S29="","",IF(INDEX(Resultaten!$E$7:$N$66,$S29,9)="","",INDEX(Resultaten!$E$7:$N$66,$S29,9))) | O29: =IF($S29="","",IF(INDEX(Resultaten!$E$7:$N$66,$S29,10)="","",INDEX(Resultaten!$E$7:$N$66,$S29,10))) | P29: =IF(OR($S29="",COUNT($F29:$O29)=0),"",ROUND(IFERROR(LARGE($F29:$O29,1),0)*($R$5>=1)+IFERROR(LARGE($F29:$O29,2),0)*($R$5>=2)+IFERROR(LARGE($F29:$O29,3),0)*($R$5>=3)+IFERROR(LARGE($F29:$O29,4),0)*($R$5>=4)+IFERROR(LARGE($F29:$O29,5),0)*($R$5>=5)+IFERROR(LARGE($F29:$O29,6),0)*($R$5>=6)+IFERROR(LARGE($F29:$O29,7),0)*($R$5>=7)+IFERROR(LARGE($F29:$O29,8),0)*($R$5>=8)+IFERROR(LARGE($F29:$O29,9),0)*($R$5>=9)+IFERROR(LARGE($F29:$O29,10),0)*($R$5>=10),1)) | Q29: =IF(N($P29)=0,"",$P29/MIN($R$5,COUNT($F29:$O29))) | R29: =IFERROR(LARGE(Resultaten!$AC$7:$AC$66,12),"") | S29: =IF($R29="","",MATCH($R29,Resultaten!$AC$7:$AC$66,0))
E30: =IF($S29="","","Op 100 schutters") | F30: =IF($S29="","",INDEX(Resultaten!$O$7:$X$66,$S29,1)) | G30: =IF($S29="","",INDEX(Resultaten!$O$7:$X$66,$S29,2)) | H30: =IF($S29="","",INDEX(Resultaten!$O$7:$X$66,$S29,3)) | I30: =IF($S29="","",INDEX(Resultaten!$O$7:$X$66,$S29,4)) | J30: =IF($S29="","",INDEX(Resultaten!$O$7:$X$66,$S29,5)) | K30: =IF($S29="","",INDEX(Resultaten!$O$7:$X$66,$S29,6)) | L30: =IF($S29="","",INDEX(Resultaten!$O$7:$X$66,$S29,7)) | M30: =IF($S29="","",INDEX(Resultaten!$O$7:$X$66,$S29,8)) | N30: =IF($S29="","",INDEX(Resultaten!$O$7:$X$66,$S29,9)) | O30: =IF($S29="","",INDEX(Resultaten!$O$7:$X$66,$S29,10)) | P30: =IF($S29="","",INDEX(Resultaten!$Y$7:$Y$66,$S29)) | Q30: =IF($S29="","",INDEX(Resultaten!$Z$7:$Z$66,$S29)) | S30: =$S29
A31: =IF($S31="","",INDEX(Resultaten!$AA$7:$AA$66,$S31)) | B31: =IF($S31="","",INDEX(Resultaten!$B$7:$B$66,$S31)) | C31: =IF($S31="","",INDEX(Resultaten!$C$7:$C$66,$S31)) | D31: =IF($S31="","",INDEX(Resultaten!$D$7:$D$66,$S31)) | E31: =IF($S31="","","Geschoten") | F31: =IF($S31="","",IF(INDEX(Resultaten!$E$7:$N$66,$S31,1)="","",INDEX(Resultaten!$E$7:$N$66,$S31,1))) | G31: =IF($S31="","",IF(INDEX(Resultaten!$E$7:$N$66,$S31,2)="","",INDEX(Resultaten!$E$7:$N$66,$S31,2))) | H31: =IF($S31="","",IF(INDEX(Resultaten!$E$7:$N$66,$S31,3)="","",INDEX(Resultaten!$E$7:$N$66,$S31,3))) | I31: =IF($S31="","",IF(INDEX(Resultaten!$E$7:$N$66,$S31,4)="","",INDEX(Resultaten!$E$7:$N$66,$S31,4))) | J31: =IF($S31="","",IF(INDEX(Resultaten!$E$7:$N$66,$S31,5)="","",INDEX(Resultaten!$E$7:$N$66,$S31,5))) | K31: =IF($S31="","",IF(INDEX(Resultaten!$E$7:$N$66,$S31,6)="","",INDEX(Resultaten!$E$7:$N$66,$S31,6))) | L31: =IF($S31="","",IF(INDEX(Resultaten!$E$7:$N$66,$S31,7)="","",INDEX(Resultaten!$E$7:$N$66,$S31,7))) | M31: =IF($S31="","",IF(INDEX(Resultaten!$E$7:$N$66,$S31,8)="","",INDEX(Resultaten!$E$7:$N$66,$S31,8))) | N31: =IF($S31="","",IF(INDEX(Resultaten!$E$7:$N$66,$S31,9)="","",INDEX(Resultaten!$E$7:$N$66,$S31,9))) | O31: =IF($S31="","",IF(INDEX(Resultaten!$E$7:$N$66,$S31,10)="","",INDEX(Resultaten!$E$7:$N$66,$S31,10))) | P31: =IF(OR($S31="",COUNT($F31:$O31)=0),"",ROUND(IFERROR(LARGE($F31:$O31,1),0)*($R$5>=1)+IFERROR(LARGE($F31:$O31,2),0)*($R$5>=2)+IFERROR(LARGE($F31:$O31,3),0)*($R$5>=3)+IFERROR(LARGE($F31:$O31,4),0)*($R$5>=4)+IFERROR(LARGE($F31:$O31,5),0)*($R$5>=5)+IFERROR(LARGE($F31:$O31,6),0)*($R$5>=6)+IFERROR(LARGE($F31:$O31,7),0)*($R$5>=7)+IFERROR(LARGE($F31:$O31,8),0)*($R$5>=8)+IFERROR(LARGE($F31:$O31,9),0)*($R$5>=9)+IFERROR(LARGE($F31:$O31,10),0)*($R$5>=10),1)) | Q31: =IF(N($P31)=0,"",$P31/MIN($R$5,COUNT($F31:$O31))) | R31: =IFERROR(LARGE(Resultaten!$AC$7:$AC$66,13),"") | S31: =IF($R31="","",MATCH($R31,Resultaten!$AC$7:$AC$66,0))
E32: =IF($S31="","","Op 100 schutters") | F32: =IF($S31="","",INDEX(Resultaten!$O$7:$X$66,$S31,1)) | G32: =IF($S31="","",INDEX(Resultaten!$O$7:$X$66,$S31,2)) | H32: =IF($S31="","",INDEX(Resultaten!$O$7:$X$66,$S31,3)) | I32: =IF($S31="","",INDEX(Resultaten!$O$7:$X$66,$S31,4)) | J32: =IF($S31="","",INDEX(Resultaten!$O$7:$X$66,$S31,5)) | K32: =IF($S31="","",INDEX(Resultaten!$O$7:$X$66,$S31,6)) | L32: =IF($S31="","",INDEX(Resultaten!$O$7:$X$66,$S31,7)) | M32: =IF($S31="","",INDEX(Resultaten!$O$7:$X$66,$S31,8)) | N32: =IF($S31="","",INDEX(Resultaten!$O$7:$X$66,$S31,9)) | O32: =IF($S31="","",INDEX(Resultaten!$O$7:$X$66,$S31,10)) | P32: =IF($S31="","",INDEX(Resultaten!$Y$7:$Y$66,$S31)) | Q32: =IF($S31="","",INDEX(Resultaten!$Z$7:$Z$66,$S31)) | S32: =$S31
A33: =IF($S33="","",INDEX(Resultaten!$AA$7:$AA$66,$S33)) | B33: =IF($S33="","",INDEX(Resultaten!$B$7:$B$66,$S33)) | C33: =IF($S33="","",INDEX(Resultaten!$C$7:$C$66,$S33)) | D33: =IF($S33="","",INDEX(Resultaten!$D$7:$D$66,$S33)) | E33: =IF($S33="","","Geschoten") | F33: =IF($S33="","",IF(INDEX(Resultaten!$E$7:$N$66,$S33,1)="","",INDEX(Resultaten!$E$7:$N$66,$S33,1))) | G33: =IF($S33="","",IF(INDEX(Resultaten!$E$7:$N$66,$S33,2)="","",INDEX(Resultaten!$E$7:$N$66,$S33,2))) | H33: =IF($S33="","",IF(INDEX(Resultaten!$E$7:$N$66,$S33,3)="","",INDEX(Resultaten!$E$7:$N$66,$S33,3))) | I33: =IF($S33="","",IF(INDEX(Resultaten!$E$7:$N$66,$S33,4)="","",INDEX(Resultaten!$E$7:$N$66,$S33,4))) | J33: =IF($S33="","",IF(INDEX(Resultaten!$E$7:$N$66,$S33,5)="","",INDEX(Resultaten!$E$7:$N$66,$S33,5))) | K33: =IF($S33="","",IF(INDEX(Resultaten!$E$7:$N$66,$S33,6)="","",INDEX(Resultaten!$E$7:$N$66,$S33,6))) | L33: =IF($S33="","",IF(INDEX(Resultaten!$E$7:$N$66,$S33,7)="","",INDEX(Resultaten!$E$7:$N$66,$S33,7))) | M33: =IF($S33="","",IF(INDEX(Resultaten!$E$7:$N$66,$S33,8)="","",INDEX(Resultaten!$E$7:$N$66,$S33,8))) | N33: =IF($S33="","",IF(INDEX(Resultaten!$E$7:$N$66,$S33,9)="","",INDEX(Resultaten!$E$7:$N$66,$S33,9))) | O33: =IF($S33="","",IF(INDEX(Resultaten!$E$7:$N$66,$S33,10)="","",INDEX(Resultaten!$E$7:$N$66,$S33,10))) | P33: =IF(OR($S33="",COUNT($F33:$O33)=0),"",ROUND(IFERROR(LARGE($F33:$O33,1),0)*($R$5>=1)+IFERROR(LARGE($F33:$O33,2),0)*($R$5>=2)+IFERROR(LARGE($F33:$O33,3),0)*($R$5>=3)+IFERROR(LARGE($F33:$O33,4),0)*($R$5>=4)+IFERROR(LARGE($F33:$O33,5),0)*($R$5>=5)+IFERROR(LARGE($F33:$O33,6),0)*($R$5>=6)+IFERROR(LARGE($F33:$O33,7),0)*($R$5>=7)+IFERROR(LARGE($F33:$O33,8),0)*($R$5>=8)+IFERROR(LARGE($F33:$O33,9),0)*($R$5>=9)+IFERROR(LARGE($F33:$O33,10),0)*($R$5>=10),1)) | Q33: =IF(N($P33)=0,"",$P33/MIN($R$5,COUNT($F33:$O33))) | R33: =IFERROR(LARGE(Resultaten!$AC$7:$AC$66,14),"") | S33: =IF($R33="","",MATCH($R33,Resultaten!$AC$7:$AC$66,0))
E34: =IF($S33="","","Op 100 schutters") | F34: =IF($S33="","",INDEX(Resultaten!$O$7:$X$66,$S33,1)) | G34: =IF($S33="","",INDEX(Resultaten!$O$7:$X$66,$S33,2)) | H34: =IF($S33="","",INDEX(Resultaten!$O$7:$X$66,$S33,3)) | I34: =IF($S33="","",INDEX(Resultaten!$O$7:$X$66,$S33,4)) | J34: =IF($S33="","",INDEX(Resultaten!$O$7:$X$66,$S33,5)) | K34: =IF($S33="","",INDEX(Resultaten!$O$7:$X$66,$S33,6)) | L34: =IF($S33="","",INDEX(Resultaten!$O$7:$X$66,$S33,7)) | M34: =IF($S33="","",INDEX(Resultaten!$O$7:$X$66,$S33,8)) | N34: =IF($S33="","",INDEX(Resultaten!$O$7:$X$66,$S33,9)) | O34: =IF($S33="","",INDEX(Resultaten!$O$7:$X$66,$S33,10)) | P34: =IF($S33="","",INDEX(Resultaten!$Y$7:$Y$66,$S33)) | Q34: =IF($S33="","",INDEX(Resultaten!$Z$7:$Z$66,$S33)) | S34: =$S33
A35: =IF($S35="","",INDEX(Resultaten!$AA$7:$AA$66,$S35)) | B35: =IF($S35="","",INDEX(Resultaten!$B$7:$B$66,$S35)) | C35: =IF($S35="","",INDEX(Resultaten!$C$7:$C$66,$S35)) | D35: =IF($S35="","",INDEX(Resultaten!$D$7:$D$66,$S35)) | E35: =IF($S35="","","Geschoten") | F35: =IF($S35="","",IF(INDEX(Resultaten!$E$7:$N$66,$S35,1)="","",INDEX(Resultaten!$E$7:$N$66,$S35,1))) | G35: =IF($S35="","",IF(INDEX(Resultaten!$E$7:$N$66,$S35,2)="","",INDEX(Resultaten!$E$7:$N$66,$S35,2))) | H35: =IF($S35="","",IF(INDEX(Resultaten!$E$7:$N$66,$S35,3)="","",INDEX(Resultaten!$E$7:$N$66,$S35,3))) | I35: =IF($S35="","",IF(INDEX(Resultaten!$E$7:$N$66,$S35,4)="","",INDEX(Resultaten!$E$7:$N$66,$S35,4))) | J35: =IF($S35="","",IF(INDEX(Resultaten!$E$7:$N$66,$S35,5)="","",INDEX(Resultaten!$E$7:$N$66,$S35,5))) | K35: =IF($S35="","",IF(INDEX(Resultaten!$E$7:$N$66,$S35,6)="","",INDEX(Resultaten!$E$7:$N$66,$S35,6))) | L35: =IF($S35="","",IF(INDEX(Resultaten!$E$7:$N$66,$S35,7)="","",INDEX(Resultaten!$E$7:$N$66,$S35,7))) | M35: =IF($S35="","",IF(INDEX(Resultaten!$E$7:$N$66,$S35,8)="","",INDEX(Resultaten!$E$7:$N$66,$S35,8))) | N35: =IF($S35="","",IF(INDEX(Resultaten!$E$7:$N$66,$S35,9)="","",INDEX(Resultaten!$E$7:$N$66,$S35,9))) | O35: =IF($S35="","",IF(INDEX(Resultaten!$E$7:$N$66,$S35,10)="","",INDEX(Resultaten!$E$7:$N$66,$S35,10))) | P35: =IF(OR($S35="",COUNT($F35:$O35)=0),"",ROUND(IFERROR(LARGE($F35:$O35,1),0)*($R$5>=1)+IFERROR(LARGE($F35:$O35,2),0)*($R$5>=2)+IFERROR(LARGE($F35:$O35,3),0)*($R$5>=3)+IFERROR(LARGE($F35:$O35,4),0)*($R$5>=4)+IFERROR(LARGE($F35:$O35,5),0)*($R$5>=5)+IFERROR(LARGE($F35:$O35,6),0)*($R$5>=6)+IFERROR(LARGE($F35:$O35,7),0)*($R$5>=7)+IFERROR(LARGE($F35:$O35,8),0)*($R$5>=8)+IFERROR(LARGE($F35:$O35,9),0)*($R$5>=9)+IFERROR(LARGE($F35:$O35,10),0)*($R$5>=10),1)) | Q35: =IF(N($P35)=0,"",$P35/MIN($R$5,COUNT($F35:$O35))) | R35: =IFERROR(LARGE(Resultaten!$AC$7:$AC$66,15),"") | S35: =IF($R35="","",MATCH($R35,Resultaten!$AC$7:$AC$66,0))
E36: =IF($S35="","","Op 100 schutters") | F36: =IF($S35="","",INDEX(Resultaten!$O$7:$X$66,$S35,1)) | G36: =IF($S35="","",INDEX(Resultaten!$O$7:$X$66,$S35,2)) | H36: =IF($S35="","",INDEX(Resultaten!$O$7:$X$66,$S35,3)) | I36: =IF($S35="","",INDEX(Resultaten!$O$7:$X$66,$S35,4)) | J36: =IF($S35="","",INDEX(Resultaten!$O$7:$X$66,$S35,5)) | K36: =IF($S35="","",INDEX(Resultaten!$O$7:$X$66,$S35,6)) | L36: =IF($S35="","",INDEX(Resultaten!$O$7:$X$66,$S35,7)) | M36: =IF($S35="","",INDEX(Resultaten!$O$7:$X$66,$S35,8)) | N36: =IF($S35="","",INDEX(Resultaten!$O$7:$X$66,$S35,9)) | O36: =IF($S35="","",INDEX(Resultaten!$O$7:$X$66,$S35,10)) | P36: =IF($S35="","",INDEX(Resultaten!$Y$7:$Y$66,$S35)) | Q36: =IF($S35="","",INDEX(Resultaten!$Z$7:$Z$66,$S35)) | S36: =$S35
A37: =IF($S37="","",INDEX(Resultaten!$AA$7:$AA$66,$S37)) | B37: =IF($S37="","",INDEX(Resultaten!$B$7:$B$66,$S37)) | C37: =IF($S37="","",INDEX(Resultaten!$C$7:$C$66,$S37)) | D37: =IF($S37="","",INDEX(Resultaten!$D$7:$D$66,$S37)) | E37: =IF($S37="","","Geschoten") | F37: =IF($S37="","",IF(INDEX(Resultaten!$E$7:$N$66,$S37,1)="","",INDEX(Resultaten!$E$7:$N$66,$S37,1))) | G37: =IF($S37="","",IF(INDEX(Resultaten!$E$7:$N$66,$S37,2)="","",INDEX(Resultaten!$E$7:$N$66,$S37,2))) | H37: =IF($S37="","",IF(INDEX(Resultaten!$E$7:$N$66,$S37,3)="","",INDEX(Resultaten!$E$7:$N$66,$S37,3))) | I37: =IF($S37="","",IF(INDEX(Resultaten!$E$7:$N$66,$S37,4)="","",INDEX(Resultaten!$E$7:$N$66,$S37,4))) | J37: =IF($S37="","",IF(INDEX(Resultaten!$E$7:$N$66,$S37,5)="","",INDEX(Resultaten!$E$7:$N$66,$S37,5))) | K37: =IF($S37="","",IF(INDEX(Resultaten!$E$7:$N$66,$S37,6)="","",INDEX(Resultaten!$E$7:$N$66,$S37,6))) | L37: =IF($S37="","",IF(INDEX(Resultaten!$E$7:$N$66,$S37,7)="","",INDEX(Resultaten!$E$7:$N$66,$S37,7))) | M37: =IF($S37="","",IF(INDEX(Resultaten!$E$7:$N$66,$S37,8)="","",INDEX(Resultaten!$E$7:$N$66,$S37,8))) | N37: =IF($S37="","",IF(INDEX(Resultaten!$E$7:$N$66,$S37,9)="","",INDEX(Resultaten!$E$7:$N$66,$S37,9))) | O37: =IF($S37="","",IF(INDEX(Resultaten!$E$7:$N$66,$S37,10)="","",INDEX(Resultaten!$E$7:$N$66,$S37,10))) | P37: =IF(OR($S37="",COUNT($F37:$O37)=0),"",ROUND(IFERROR(LARGE($F37:$O37,1),0)*($R$5>=1)+IFERROR(LARGE($F37:$O37,2),0)*($R$5>=2)+IFERROR(LARGE($F37:$O37,3),0)*($R$5>=3)+IFERROR(LARGE($F37:$O37,4),0)*($R$5>=4)+IFERROR(LARGE($F37:$O37,5),0)*($R$5>=5)+IFERROR(LARGE($F37:$O37,6),0)*($R$5>=6)+IFERROR(LARGE($F37:$O37,7),0)*($R$5>=7)+IFERROR(LARGE($F37:$O37,8),0)*($R$5>=8)+IFERROR(LARGE($F37:$O37,9),0)*($R$5>=9)+IFERROR(LARGE($F37:$O37,10),0)*($R$5>=10),1)) | Q37: =IF(N($P37)=0,"",$P37/MIN($R$5,COUNT($F37:$O37))) | R37: =IFERROR(LARGE(Resultaten!$AC$7:$AC$66,16),"") | S37: =IF($R37="","",MATCH($R37,Resultaten!$AC$7:$AC$66,0))
E38: =IF($S37="","","Op 100 schutters") | F38: =IF($S37="","",INDEX(Resultaten!$O$7:$X$66,$S37,1)) | G38: =IF($S37="","",INDEX(Resultaten!$O$7:$X$66,$S37,2)) | H38: =IF($S37="","",INDEX(Resultaten!$O$7:$X$66,$S37,3)) | I38: =IF($S37="","",INDEX(Resultaten!$O$7:$X$66,$S37,4)) | J38: =IF($S37="","",INDEX(Resultaten!$O$7:$X$66,$S37,5)) | K38: =IF($S37="","",INDEX(Resultaten!$O$7:$X$66,$S37,6)) | L38: =IF($S37="","",INDEX(Resultaten!$O$7:$X$66,$S37,7)) | M38: =IF($S37="","",INDEX(Resultaten!$O$7:$X$66,$S37,8)) | N38: =IF($S37="","",INDEX(Resultaten!$O$7:$X$66,$S37,9)) | O38: =IF($S37="","",INDEX(Resultaten!$O$7:$X$66,$S37,10)) | P38: =IF($S37="","",INDEX(Resultaten!$Y$7:$Y$66,$S37)) | Q38: =IF($S37="","",INDEX(Resultaten!$Z$7:$Z$66,$S37)) | S38: =$S37
A39: =IF($S39="","",INDEX(Resultaten!$AA$7:$AA$66,$S39)) | B39: =IF($S39="","",INDEX(Resultaten!$B$7:$B$66,$S39)) | C39: =IF($S39="","",INDEX(Resultaten!$C$7:$C$66,$S39)) | D39: =IF($S39="","",INDEX(Resultaten!$D$7:$D$66,$S39)) | E39: =IF($S39="","","Geschoten") | F39: =IF($S39="","",IF(INDEX(Resultaten!$E$7:$N$66,$S39,1)="","",INDEX(Resultaten!$E$7:$N$66,$S39,1))) | G39: =IF($S39="","",IF(INDEX(Resultaten!$E$7:$N$66,$S39,2)="","",INDEX(Resultaten!$E$7:$N$66,$S39,2))) | H39: =IF($S39="","",IF(INDEX(Resultaten!$E$7:$N$66,$S39,3)="","",INDEX(Resultaten!$E$7:$N$66,$S39,3))) | I39: =IF($S39="","",IF(INDEX(Resultaten!$E$7:$N$66,$S39,4)="","",INDEX(Resultaten!$E$7:$N$66,$S39,4))) | J39: =IF($S39="","",IF(INDEX(Resultaten!$E$7:$N$66,$S39,5)="","",INDEX(Resultaten!$E$7:$N$66,$S39,5))) | K39: =IF($S39="","",IF(INDEX(Resultaten!$E$7:$N$66,$S39,6)="","",INDEX(Resultaten!$E$7:$N$66,$S39,6))) | L39: =IF($S39="","",IF(INDEX(Resultaten!$E$7:$N$66,$S39,7)="","",INDEX(Resultaten!$E$7:$N$66,$S39,7))) | M39: =IF($S39="","",IF(INDEX(Resultaten!$E$7:$N$66,$S39,8)="","",INDEX(Resultaten!$E$7:$N$66,$S39,8))) | N39: =IF($S39="","",IF(INDEX(Resultaten!$E$7:$N$66,$S39,9)="","",INDEX(Resultaten!$E$7:$N$66,$S39,9))) | O39: =IF($S39="","",IF(INDEX(Resultaten!$E$7:$N$66,$S39,10)="","",INDEX(Resultaten!$E$7:$N$66,$S39,10))) | P39: =IF(OR($S39="",COUNT($F39:$O39)=0),"",ROUND(IFERROR(LARGE($F39:$O39,1),0)*($R$5>=1)+IFERROR(LARGE($F39:$O39,2),0)*($R$5>=2)+IFERROR(LARGE($F39:$O39,3),0)*($R$5>=3)+IFERROR(LARGE($F39:$O39,4),0)*($R$5>=4)+IFERROR(LARGE($F39:$O39,5),0)*($R$5>=5)+IFERROR(LARGE($F39:$O39,6),0)*($R$5>=6)+IFERROR(LARGE($F39:$O39,7),0)*($R$5>=7)+IFERROR(LARGE($F39:$O39,8),0)*($R$5>=8)+IFERROR(LARGE($F39:$O39,9),0)*($R$5>=9)+IFERROR(LARGE($F39:$O39,10),0)*($R$5>=10),1)) | Q39: =IF(N($P39)=0,"",$P39/MIN($R$5,COUNT($F39:$O39))) | R39: =IFERROR(LARGE(Resultaten!$AC$7:$AC$66,17),"") | S39: =IF($R39="","",MATCH($R39,Resultaten!$AC$7:$AC$66,0))
E40: =IF($S39="","","Op 100 schutters") | F40: =IF($S39="","",INDEX(Resultaten!$O$7:$X$66,$S39,1)) | G40: =IF($S39="","",INDEX(Resultaten!$O$7:$X$66,$S39,2)) | H40: =IF($S39="","",INDEX(Resultaten!$O$7:$X$66,$S39,3)) | I40: =IF($S39="","",INDEX(Resultaten!$O$7:$X$66,$S39,4)) | J40: =IF($S39="","",INDEX(Resultaten!$O$7:$X$66,$S39,5)) | K40: =IF($S39="","",INDEX(Resultaten!$O$7:$X$66,$S39,6)) | L40: =IF($S39="","",INDEX(Resultaten!$O$7:$X$66,$S39,7)) | M40: =IF($S39="","",INDEX(Resultaten!$O$7:$X$66,$S39,8)) | N40: =IF($S39="","",INDEX(Resultaten!$O$7:$X$66,$S39,9)) | O40: =IF($S39="","",INDEX(Resultaten!$O$7:$X$66,$S39,10)) | P40: =IF($S39="","",INDEX(Resultaten!$Y$7:$Y$66,$S39)) | Q40: =IF($S39="","",INDEX(Resultaten!$Z$7:$Z$66,$S39)) | S40: =$S39
A41: =IF($S41="","",INDEX(Resultaten!$AA$7:$AA$66,$S41)) | B41: =IF($S41="","",INDEX(Resultaten!$B$7:$B$66,$S41)) | C41: =IF($S41="","",INDEX(Resultaten!$C$7:$C$66,$S41)) | D41: =IF($S41="","",INDEX(Resultaten!$D$7:$D$66,$S41)) | E41: =IF($S41="","","Geschoten") | F41: =IF($S41="","",IF(INDEX(Resultaten!$E$7:$N$66,$S41,1)="","",INDEX(Resultaten!$E$7:$N$66,$S41,1))) | G41: =IF($S41="","",IF(INDEX(Resultaten!$E$7:$N$66,$S41,2)="","",INDEX(Resultaten!$E$7:$N$66,$S41,2))) | H41: =IF($S41="","",IF(INDEX(Resultaten!$E$7:$N$66,$S41,3)="","",INDEX(Resultaten!$E$7:$N$66,$S41,3))) | I41: =IF($S41="","",IF(INDEX(Resultaten!$E$7:$N$66,$S41,4)="","",INDEX(Resultaten!$E$7:$N$66,$S41,4))) | J41: =IF($S41="","",IF(INDEX(Resultaten!$E$7:$N$66,$S41,5)="","",INDEX(Resultaten!$E$7:$N$66,$S41,5))) | K41: =IF($S41="","",IF(INDEX(Resultaten!$E$7:$N$66,$S41,6)="","",INDEX(Resultaten!$E$7:$N$66,$S41,6))) | L41: =IF($S41="","",IF(INDEX(Resultaten!$E$7:$N$66,$S41,7)="","",INDEX(Resultaten!$E$7:$N$66,$S41,7))) | M41: =IF($S41="","",IF(INDEX(Resultaten!$E$7:$N$66,$S41,8)="","",INDEX(Resultaten!$E$7:$N$66,$S41,8))) | N41: =IF($S41="","",IF(INDEX(Resultaten!$E$7:$N$66,$S41,9)="","",INDEX(Resultaten!$E$7:$N$66,$S41,9))) | O41: =IF($S41="","",IF(INDEX(Resultaten!$E$7:$N$66,$S41,10)="","",INDEX(Resultaten!$E$7:$N$66,$S41,10))) | P41: =IF(OR($S41="",COUNT($F41:$O41)=0),"",ROUND(IFERROR(LARGE($F41:$O41,1),0)*($R$5>=1)+IFERROR(LARGE($F41:$O41,2),0)*($R$5>=2)+IFERROR(LARGE($F41:$O41,3),0)*($R$5>=3)+IFERROR(LARGE($F41:$O41,4),0)*($R$5>=4)+IFERROR(LARGE($F41:$O41,5),0)*($R$5>=5)+IFERROR(LARGE($F41:$O41,6),0)*($R$5>=6)+IFERROR(LARGE($F41:$O41,7),0)*($R$5>=7)+IFERROR(LARGE($F41:$O41,8),0)*($R$5>=8)+IFERROR(LARGE($F41:$O41,9),0)*($R$5>=9)+IFERROR(LARGE($F41:$O41,10),0)*($R$5>=10),1)) | Q41: =IF(N($P41)=0,"",$P41/MIN($R$5,COUNT($F41:$O41))) | R41: =IFERROR(LARGE(Resultaten!$AC$7:$AC$66,18),"") | S41: =IF($R41="","",MATCH($R41,Resultaten!$AC$7:$AC$66,0))
E42: =IF($S41="","","Op 100 schutters") | F42: =IF($S41="","",INDEX(Resultaten!$O$7:$X$66,$S41,1)) | G42: =IF($S41="","",INDEX(Resultaten!$O$7:$X$66,$S41,2)) | H42: =IF($S41="","",INDEX(Resultaten!$O$7:$X$66,$S41,3)) | I42: =IF($S41="","",INDEX(Resultaten!$O$7:$X$66,$S41,4)) | J42: =IF($S41="","",INDEX(Resultaten!$O$7:$X$66,$S41,5)) | K42: =IF($S41="","",INDEX(Resultaten!$O$7:$X$66,$S41,6)) | L42: =IF($S41="","",INDEX(Resultaten!$O$7:$X$66,$S41,7)) | M42: =IF($S41="","",INDEX(Resultaten!$O$7:$X$66,$S41,8)) | N42: =IF($S41="","",INDEX(Resultaten!$O$7:$X$66,$S41,9)) | O42: =IF($S41="","",INDEX(Resultaten!$O$7:$X$66,$S41,10)) | P42: =IF($S41="","",INDEX(Resultaten!$Y$7:$Y$66,$S41)) | Q42: =IF($S41="","",INDEX(Resultaten!$Z$7:$Z$66,$S41)) | S42: =$S41
A43: =IF($S43="","",INDEX(Resultaten!$AA$7:$AA$66,$S43)) | B43: =IF($S43="","",INDEX(Resultaten!$B$7:$B$66,$S43)) | C43: =IF($S43="","",INDEX(Resultaten!$C$7:$C$66,$S43)) | D43: =IF($S43="","",INDEX(Resultaten!$D$7:$D$66,$S43)) | E43: =IF($S43="","","Geschoten") | F43: =IF($S43="","",IF(INDEX(Resultaten!$E$7:$N$66,$S43,1)="","",INDEX(Resultaten!$E$7:$N$66,$S43,1))) | G43: =IF($S43="","",IF(INDEX(Resultaten!$E$7:$N$66,$S43,2)="","",INDEX(Resultaten!$E$7:$N$66,$S43,2))) | H43: =IF($S43="","",IF(INDEX(Resultaten!$E$7:$N$66,$S43,3)="","",INDEX(Resultaten!$E$7:$N$66,$S43,3))) | I43: =IF($S43="","",IF(INDEX(Resultaten!$E$7:$N$66,$S43,4)="","",INDEX(Resultaten!$E$7:$N$66,$S43,4))) | J43: =IF($S43="","",IF(INDEX(Resultaten!$E$7:$N$66,$S43,5)="","",INDEX(Resultaten!$E$7:$N$66,$S43,5))) | K43: =IF($S43="","",IF(INDEX(Resultaten!$E$7:$N$66,$S43,6)="","",INDEX(Resultaten!$E$7:$N$66,$S43,6))) | L43: =IF($S43="","",IF(INDEX(Resultaten!$E$7:$N$66,$S43,7)="","",INDEX(Resultaten!$E$7:$N$66,$S43,7))) | M43: =IF($S43="","",IF(INDEX(Resultaten!$E$7:$N$66,$S43,8)="","",INDEX(Resultaten!$E$7:$N$66,$S43,8))) | N43: =IF($S43="","",IF(INDEX(Resultaten!$E$7:$N$66,$S43,9)="","",INDEX(Resultaten!$E$7:$N$66,$S43,9))) | O43: =IF($S43="","",IF(INDEX(Resultaten!$E$7:$N$66,$S43,10)="","",INDEX(Resultaten!$E$7:$N$66,$S43,10))) | P43: =IF(OR($S43="",COUNT($F43:$O43)=0),"",ROUND(IFERROR(LARGE($F43:$O43,1),0)*($R$5>=1)+IFERROR(LARGE($F43:$O43,2),0)*($R$5>=2)+IFERROR(LARGE($F43:$O43,3),0)*($R$5>=3)+IFERROR(LARGE($F43:$O43,4),0)*($R$5>=4)+IFERROR(LARGE($F43:$O43,5),0)*($R$5>=5)+IFERROR(LARGE($F43:$O43,6),0)*($R$5>=6)+IFERROR(LARGE($F43:$O43,7),0)*($R$5>=7)+IFERROR(LARGE($F43:$O43,8),0)*($R$5>=8)+IFERROR(LARGE($F43:$O43,9),0)*($R$5>=9)+IFERROR(LARGE($F43:$O43,10),0)*($R$5>=10),1)) | Q43: =IF(N($P43)=0,"",$P43/MIN($R$5,COUNT($F43:$O43))) | R43: =IFERROR(LARGE(Resultaten!$AC$7:$AC$66,19),"") | S43: =IF($R43="","",MATCH($R43,Resultaten!$AC$7:$AC$66,0))
E44: =IF($S43="","","Op 100 schutters") | F44: =IF($S43="","",INDEX(Resultaten!$O$7:$X$66,$S43,1)) | G44: =IF($S43="","",INDEX(Resultaten!$O$7:$X$66,$S43,2)) | H44: =IF($S43="","",INDEX(Resultaten!$O$7:$X$66,$S43,3)) | I44: =IF($S43="","",INDEX(Resultaten!$O$7:$X$66,$S43,4)) | J44: =IF($S43="","",INDEX(Resultaten!$O$7:$X$66,$S43,5)) | K44: =IF($S43="","",INDEX(Resultaten!$O$7:$X$66,$S43,6)) | L44: =IF($S43="","",INDEX(Resultaten!$O$7:$X$66,$S43,7)) | M44: =IF($S43="","",INDEX(Resultaten!$O$7:$X$66,$S43,8)) | N44: =IF($S43="","",INDEX(Resultaten!$O$7:$X$66,$S43,9)) | O44: =IF($S43="","",INDEX(Resultaten!$O$7:$X$66,$S43,10)) | P44: =IF($S43="","",INDEX(Resultaten!$Y$7:$Y$66,$S43)) | Q44: =IF($S43="","",INDEX(Resultaten!$Z$7:$Z$66,$S43)) | S44: =$S43
A45: =IF($S45="","",INDEX(Resultaten!$AA$7:$AA$66,$S45)) | B45: =IF($S45="","",INDEX(Resultaten!$B$7:$B$66,$S45)) | C45: =IF($S45="","",INDEX(Resultaten!$C$7:$C$66,$S45)) | D45: =IF($S45="","",INDEX(Resultaten!$D$7:$D$66,$S45)) | E45: =IF($S45="","","Geschoten") | F45: =IF($S45="","",IF(INDEX(Resultaten!$E$7:$N$66,$S45,1)="","",INDEX(Resultaten!$E$7:$N$66,$S45,1))) | G45: =IF($S45="","",IF(INDEX(Resultaten!$E$7:$N$66,$S45,2)="","",INDEX(Resultaten!$E$7:$N$66,$S45,2))) | H45: =IF($S45="","",IF(INDEX(Resultaten!$E$7:$N$66,$S45,3)="","",INDEX(Resultaten!$E$7:$N$66,$S45,3))) | I45: =IF($S45="","",IF(INDEX(Resultaten!$E$7:$N$66,$S45,4)="","",INDEX(Resultaten!$E$7:$N$66,$S45,4))) | J45: =IF($S45="","",IF(INDEX(Resultaten!$E$7:$N$66,$S45,5)="","",INDEX(Resultaten!$E$7:$N$66,$S45,5))) | K45: =IF($S45="","",IF(INDEX(Resultaten!$E$7:$N$66,$S45,6)="","",INDEX(Resultaten!$E$7:$N$66,$S45,6))) | L45: =IF($S45="","",IF(INDEX(Resultaten!$E$7:$N$66,$S45,7)="","",INDEX(Resultaten!$E$7:$N$66,$S45,7))) | M45: =IF($S45="","",IF(INDEX(Resultaten!$E$7:$N$66,$S45,8)="","",INDEX(Resultaten!$E$7:$N$66,$S45,8))) | N45: =IF($S45="","",IF(INDEX(Resultaten!$E$7:$N$66,$S45,9)="","",INDEX(Resultaten!$E$7:$N$66,$S45,9))) | O45: =IF($S45="","",IF(INDEX(Resultaten!$E$7:$N$66,$S45,10)="","",INDEX(Resultaten!$E$7:$N$66,$S45,10))) | P45: =IF(OR($S45="",COUNT($F45:$O45)=0),"",ROUND(IFERROR(LARGE($F45:$O45,1),0)*($R$5>=1)+IFERROR(LARGE($F45:$O45,2),0)*($R$5>=2)+IFERROR(LARGE($F45:$O45,3),0)*($R$5>=3)+IFERROR(LARGE($F45:$O45,4),0)*($R$5>=4)+IFERROR(LARGE($F45:$O45,5),0)*($R$5>=5)+IFERROR(LARGE($F45:$O45,6),0)*($R$5>=6)+IFERROR(LARGE($F45:$O45,7),0)*($R$5>=7)+IFERROR(LARGE($F45:$O45,8),0)*($R$5>=8)+IFERROR(LARGE($F45:$O45,9),0)*($R$5>=9)+IFERROR(LARGE($F45:$O45,10),0)*($R$5>=10),1)) | Q45: =IF(N($P45)=0,"",$P45/MIN($R$5,COUNT($F45:$O45))) | R45: =IFERROR(LARGE(Resultaten!$AC$7:$AC$66,20),"") | S45: =IF($R45="","",MATCH($R45,Resultaten!$AC$7:$AC$66,0))
E46: =IF($S45="","","Op 100 schutters") | F46: =IF($S45="","",INDEX(Resultaten!$O$7:$X$66,$S45,1)) | G46: =IF($S45="","",INDEX(Resultaten!$O$7:$X$66,$S45,2)) | H46: =IF($S45="","",INDEX(Resultaten!$O$7:$X$66,$S45,3)) | I46: =IF($S45="","",INDEX(Resultaten!$O$7:$X$66,$S45,4)) | J46: =IF($S45="","",INDEX(Resultaten!$O$7:$X$66,$S45,5)) | K46: =IF($S45="","",INDEX(Resultaten!$O$7:$X$66,$S45,6)) | L46: =IF($S45="","",INDEX(Resultaten!$O$7:$X$66,$S45,7)) | M46: =IF($S45="","",INDEX(Resultaten!$O$7:$X$66,$S45,8)) | N46: =IF($S45="","",INDEX(Resultaten!$O$7:$X$66,$S45,9)) | O46: =IF($S45="","",INDEX(Resultaten!$O$7:$X$66,$S45,10)) | P46: =IF($S45="","",INDEX(Resultaten!$Y$7:$Y$66,$S45)) | Q46: =IF($S45="","",INDEX(Resultaten!$Z$7:$Z$66,$S45)) | S46: =$S45
A47: =IF($S47="","",INDEX(Resultaten!$AA$7:$AA$66,$S47)) | B47: =IF($S47="","",INDEX(Resultaten!$B$7:$B$66,$S47)) | C47: =IF($S47="","",INDEX(Resultaten!$C$7:$C$66,$S47)) | D47: =IF($S47="","",INDEX(Resultaten!$D$7:$D$66,$S47)) | E47: =IF($S47="","","Geschoten") | F47: =IF($S47="","",IF(INDEX(Resultaten!$E$7:$N$66,$S47,1)="","",INDEX(Resultaten!$E$7:$N$66,$S47,1))) | G47: =IF($S47="","",IF(INDEX(Resultaten!$E$7:$N$66,$S47,2)="","",INDEX(Resultaten!$E$7:$N$66,$S47,2))) | H47: =IF($S47="","",IF(INDEX(Resultaten!$E$7:$N$66,$S47,3)="","",INDEX(Resultaten!$E$7:$N$66,$S47,3))) | I47: =IF($S47="","",IF(INDEX(Resultaten!$E$7:$N$66,$S47,4)="","",INDEX(Resultaten!$E$7:$N$66,$S47,4))) | J47: =IF($S47="","",IF(INDEX(Resultaten!$E$7:$N$66,$S47,5)="","",INDEX(Resultaten!$E$7:$N$66,$S47,5))) | K47: =IF($S47="","",IF(INDEX(Resultaten!$E$7:$N$66,$S47,6)="","",INDEX(Resultaten!$E$7:$N$66,$S47,6))) | L47: =IF($S47="","",IF(INDEX(Resultaten!$E$7:$N$66,$S47,7)="","",INDEX(Resultaten!$E$7:$N$66,$S47,7))) | M47: =IF($S47="","",IF(INDEX(Resultaten!$E$7:$N$66,$S47,8)="","",INDEX(Resultaten!$E$7:$N$66,$S47,8))) | N47: =IF($S47="","",IF(INDEX(Resultaten!$E$7:$N$66,$S47,9)="","",INDEX(Resultaten!$E$7:$N$66,$S47,9))) | O47: =IF($S47="","",IF(INDEX(Resultaten!$E$7:$N$66,$S47,10)="","",INDEX(Resultaten!$E$7:$N$66,$S47,10))) | P47: =IF(OR($S47="",COUNT($F47:$O47)=0),"",ROUND(IFERROR(LARGE($F47:$O47,1),0)*($R$5>=1)+IFERROR(LARGE($F47:$O47,2),0)*($R$5>=2)+IFERROR(LARGE($F47:$O47,3),0)*($R$5>=3)+IFERROR(LARGE($F47:$O47,4),0)*($R$5>=4)+IFERROR(LARGE($F47:$O47,5),0)*($R$5>=5)+IFERROR(LARGE($F47:$O47,6),0)*($R$5>=6)+IFERROR(LARGE($F47:$O47,7),0)*($R$5>=7)+IFERROR(LARGE($F47:$O47,8),0)*($R$5>=8)+IFERROR(LARGE($F47:$O47,9),0)*($R$5>=9)+IFERROR(LARGE($F47:$O47,10),0)*($R$5>=10),1)) | Q47: =IF(N($P47)=0,"",$P47/MIN($R$5,COUNT($F47:$O47))) | R47: =IFERROR(LARGE(Resultaten!$AC$7:$AC$66,21),"") | S47: =IF($R47="","",MATCH($R47,Resultaten!$AC$7:$AC$66,0))
E48: =IF($S47="","","Op 100 schutters") | F48: =IF($S47="","",INDEX(Resultaten!$O$7:$X$66,$S47,1)) | G48: =IF($S47="","",INDEX(Resultaten!$O$7:$X$66,$S47,2)) | H48: =IF($S47="","",INDEX(Resultaten!$O$7:$X$66,$S47,3)) | I48: =IF($S47="","",INDEX(Resultaten!$O$7:$X$66,$S47,4)) | J48: =IF($S47="","",INDEX(Resultaten!$O$7:$X$66,$S47,5)) | K48: =IF($S47="","",INDEX(Resultaten!$O$7:$X$66,$S47,6)) | L48: =IF($S47="","",INDEX(Resultaten!$O$7:$X$66,$S47,7)) | M48: =IF($S47="","",INDEX(Resultaten!$O$7:$X$66,$S47,8)) | N48: =IF($S47="","",INDEX(Resultaten!$O$7:$X$66,$S47,9)) | O48: =IF($S47="","",INDEX(Resultaten!$O$7:$X$66,$S47,10)) | P48: =IF($S47="","",INDEX(Resultaten!$Y$7:$Y$66,$S47)) | Q48: =IF($S47="","",INDEX(Resultaten!$Z$7:$Z$66,$S47)) | S48: =$S47
A49: =IF($S49="","",INDEX(Resultaten!$AA$7:$AA$66,$S49)) | B49: =IF($S49="","",INDEX(Resultaten!$B$7:$B$66,$S49)) | C49: =IF($S49="","",INDEX(Resultaten!$C$7:$C$66,$S49)) | D49: =IF($S49="","",INDEX(Resultaten!$D$7:$D$66,$S49)) | E49: =IF($S49="","","Geschoten") | F49: =IF($S49="","",IF(INDEX(Resultaten!$E$7:$N$66,$S49,1)="","",INDEX(Resultaten!$E$7:$N$66,$S49,1))) | G49: =IF($S49="","",IF(INDEX(Resultaten!$E$7:$N$66,$S49,2)="","",INDEX(Resultaten!$E$7:$N$66,$S49,2))) | H49: =IF($S49="","",IF(INDEX(Resultaten!$E$7:$N$66,$S49,3)="","",INDEX(Resultaten!$E$7:$N$66,$S49,3))) | I49: =IF($S49="","",IF(INDEX(Resultaten!$E$7:$N$66,$S49,4)="","",INDEX(Resultaten!$E$7:$N$66,$S49,4))) | J49: =IF($S49="","",IF(INDEX(Resultaten!$E$7:$N$66,$S49,5)="","",INDEX(Resultaten!$E$7:$N$66,$S49,5))) | K49: =IF($S49="","",IF(INDEX(Resultaten!$E$7:$N$66,$S49,6)="","",INDEX(Resultaten!$E$7:$N$66,$S49,6))) | L49: =IF($S49="","",IF(INDEX(Resultaten!$E$7:$N$66,$S49,7)="","",INDEX(Resultaten!$E$7:$N$66,$S49,7))) | M49: =IF($S49="","",IF(INDEX(Resultaten!$E$7:$N$66,$S49,8)="","",INDEX(Resultaten!$E$7:$N$66,$S49,8))) | N49: =IF($S49="","",IF(INDEX(Resultaten!$E$7:$N$66,$S49,9)="","",INDEX(Resultaten!$E$7:$N$66,$S49,9))) | O49: =IF($S49="","",IF(INDEX(Resultaten!$E$7:$N$66,$S49,10)="","",INDEX(Resultaten!$E$7:$N$66,$S49,10))) | P49: =IF(OR($S49="",COUNT($F49:$O49)=0),"",ROUND(IFERROR(LARGE($F49:$O49,1),0)*($R$5>=1)+IFERROR(LARGE($F49:$O49,2),0)*($R$5>=2)+IFERROR(LARGE($F49:$O49,3),0)*($R$5>=3)+IFERROR(LARGE($F49:$O49,4),0)*($R$5>=4)+IFERROR(LARGE($F49:$O49,5),0)*($R$5>=5)+IFERROR(LARGE($F49:$O49,6),0)*($R$5>=6)+IFERROR(LARGE($F49:$O49,7),0)*($R$5>=7)+IFERROR(LARGE($F49:$O49,8),0)*($R$5>=8)+IFERROR(LARGE($F49:$O49,9),0)*($R$5>=9)+IFERROR(LARGE($F49:$O49,10),0)*($R$5>=10),1)) | Q49: =IF(N($P49)=0,"",$P49/MIN($R$5,COUNT($F49:$O49))) | R49: =IFERROR(LARGE(Resultaten!$AC$7:$AC$66,22),"") | S49: =IF($R49="","",MATCH($R49,Resultaten!$AC$7:$AC$66,0))
E50: =IF($S49="","","Op 100 schutters") | F50: =IF($S49="","",INDEX(Resultaten!$O$7:$X$66,$S49,1)) | G50: =IF($S49="","",INDEX(Resultaten!$O$7:$X$66,$S49,2)) | H50: =IF($S49="","",INDEX(Resultaten!$O$7:$X$66,$S49,3)) | I50: =IF($S49="","",INDEX(Resultaten!$O$7:$X$66,$S49,4)) | J50: =IF($S49="","",INDEX(Resultaten!$O$7:$X$66,$S49,5)) | K50: =IF($S49="","",INDEX(Resultaten!$O$7:$X$66,$S49,6)) | L50: =IF($S49="","",INDEX(Resultaten!$O$7:$X$66,$S49,7)) | M50: =IF($S49="","",INDEX(Resultaten!$O$7:$X$66,$S49,8)) | N50: =IF($S49="","",INDEX(Resultaten!$O$7:$X$66,$S49,9)) | O50: =IF($S49="","",INDEX(Resultaten!$O$7:$X$66,$S49,10)) | P50: =IF($S49="","",INDEX(Resultaten!$Y$7:$Y$66,$S49)) | Q50: =IF($S49="","",INDEX(Resultaten!$Z$7:$Z$66,$S49)) | S50: =$S49
A51: =IF($S51="","",INDEX(Resultaten!$AA$7:$AA$66,$S51)) | B51: =IF($S51="","",INDEX(Resultaten!$B$7:$B$66,$S51)) | C51: =IF($S51="","",INDEX(Resultaten!$C$7:$C$66,$S51)) | D51: =IF($S51="","",INDEX(Resultaten!$D$7:$D$66,$S51)) | E51: =IF($S51="","","Geschoten") | F51: =IF($S51="","",IF(INDEX(Resultaten!$E$7:$N$66,$S51,1)="","",INDEX(Resultaten!$E$7:$N$66,$S51,1))) | G51: =IF($S51="","",IF(INDEX(Resultaten!$E$7:$N$66,$S51,2)="","",INDEX(Resultaten!$E$7:$N$66,$S51,2))) | H51: =IF($S51="","",IF(INDEX(Resultaten!$E$7:$N$66,$S51,3)="","",INDEX(Resultaten!$E$7:$N$66,$S51,3))) | I51: =IF($S51="","",IF(INDEX(Resultaten!$E$7:$N$66,$S51,4)="","",INDEX(Resultaten!$E$7:$N$66,$S51,4))) | J51: =IF($S51="","",IF(INDEX(Resultaten!$E$7:$N$66,$S51,5)="","",INDEX(Resultaten!$E$7:$N$66,$S51,5))) | K51: =IF($S51="","",IF(INDEX(Resultaten!$E$7:$N$66,$S51,6)="","",INDEX(Resultaten!$E$7:$N$66,$S51,6))) | L51: =IF($S51="","",IF(INDEX(Resultaten!$E$7:$N$66,$S51,7)="","",INDEX(Resultaten!$E$7:$N$66,$S51,7))) | M51: =IF($S51="","",IF(INDEX(Resultaten!$E$7:$N$66,$S51,8)="","",INDEX(Resultaten!$E$7:$N$66,$S51,8))) | N51: =IF($S51="","",IF(INDEX(Resultaten!$E$7:$N$66,$S51,9)="","",INDEX(Resultaten!$E$7:$N$66,$S51,9))) | O51: =IF($S51="","",IF(INDEX(Resultaten!$E$7:$N$66,$S51,10)="","",INDEX(Resultaten!$E$7:$N$66,$S51,10))) | P51: =IF(OR($S51="",COUNT($F51:$O51)=0),"",ROUND(IFERROR(LARGE($F51:$O51,1),0)*($R$5>=1)+IFERROR(LARGE($F51:$O51,2),0)*($R$5>=2)+IFERROR(LARGE($F51:$O51,3),0)*($R$5>=3)+IFERROR(LARGE($F51:$O51,4),0)*($R$5>=4)+IFERROR(LARGE($F51:$O51,5),0)*($R$5>=5)+IFERROR(LARGE($F51:$O51,6),0)*($R$5>=6)+IFERROR(LARGE($F51:$O51,7),0)*($R$5>=7)+IFERROR(LARGE($F51:$O51,8),0)*($R$5>=8)+IFERROR(LARGE($F51:$O51,9),0)*($R$5>=9)+IFERROR(LARGE($F51:$O51,10),0)*($R$5>=10),1)) | Q51: =IF(N($P51)=0,"",$P51/MIN($R$5,COUNT($F51:$O51))) | R51: =IFERROR(LARGE(Resultaten!$AC$7:$AC$66,23),"") | S51: =IF($R51="","",MATCH($R51,Resultaten!$AC$7:$AC$66,0))
E52: =IF($S51="","","Op 100 schutters") | F52: =IF($S51="","",INDEX(Resultaten!$O$7:$X$66,$S51,1)) | G52: =IF($S51="","",INDEX(Resultaten!$O$7:$X$66,$S51,2)) | H52: =IF($S51="","",INDEX(Resultaten!$O$7:$X$66,$S51,3)) | I52: =IF($S51="","",INDEX(Resultaten!$O$7:$X$66,$S51,4)) | J52: =IF($S51="","",INDEX(Resultaten!$O$7:$X$66,$S51,5)) | K52: =IF($S51="","",INDEX(Resultaten!$O$7:$X$66,$S51,6)) | L52: =IF($S51="","",INDEX(Resultaten!$O$7:$X$66,$S51,7)) | M52: =IF($S51="","",INDEX(Resultaten!$O$7:$X$66,$S51,8)) | N52: =IF($S51="","",INDEX(Resultaten!$O$7:$X$66,$S51,9)) | O52: =IF($S51="","",INDEX(Resultaten!$O$7:$X$66,$S51,10)) | P52: =IF($S51="","",INDEX(Resultaten!$Y$7:$Y$66,$S51)) | Q52: =IF($S51="","",INDEX(Resultaten!$Z$7:$Z$66,$S51)) | S52: =$S51
A53: =IF($S53="","",INDEX(Resultaten!$AA$7:$AA$66,$S53)) | B53: =IF($S53="","",INDEX(Resultaten!$B$7:$B$66,$S53)) | C53: =IF($S53="","",INDEX(Resultaten!$C$7:$C$66,$S53)) | D53: =IF($S53="","",INDEX(Resultaten!$D$7:$D$66,$S53)) | E53: =IF($S53="","","Geschoten") | F53: =IF($S53="","",IF(INDEX(Resultaten!$E$7:$N$66,$S53,1)="","",INDEX(Resultaten!$E$7:$N$66,$S53,1))) | G53: =IF($S53="","",IF(INDEX(Resultaten!$E$7:$N$66,$S53,2)="","",INDEX(Resultaten!$E$7:$N$66,$S53,2))) | H53: =IF($S53="","",IF(INDEX(Resultaten!$E$7:$N$66,$S53,3)="","",INDEX(Resultaten!$E$7:$N$66,$S53,3))) | I53: =IF($S53="","",IF(INDEX(Resultaten!$E$7:$N$66,$S53,4)="","",INDEX(Resultaten!$E$7:$N$66,$S53,4))) | J53: =IF($S53="","",IF(INDEX(Resultaten!$E$7:$N$66,$S53,5)="","",INDEX(Resultaten!$E$7:$N$66,$S53,5))) | K53: =IF($S53="","",IF(INDEX(Resultaten!$E$7:$N$66,$S53,6)="","",INDEX(Resultaten!$E$7:$N$66,$S53,6))) | L53: =IF($S53="","",IF(INDEX(Resultaten!$E$7:$N$66,$S53,7)="","",INDEX(Resultaten!$E$7:$N$66,$S53,7))) | M53: =IF($S53="","",IF(INDEX(Resultaten!$E$7:$N$66,$S53,8)="","",INDEX(Resultaten!$E$7:$N$66,$S53,8))) | N53: =IF($S53="","",IF(INDEX(Resultaten!$E$7:$N$66,$S53,9)="","",INDEX(Resultaten!$E$7:$N$66,$S53,9))) | O53: =IF($S53="","",IF(INDEX(Resultaten!$E$7:$N$66,$S53,10)="","",INDEX(Resultaten!$E$7:$N$66,$S53,10))) | P53: =IF(OR($S53="",COUNT($F53:$O53)=0),"",ROUND(IFERROR(LARGE($F53:$O53,1),0)*($R$5>=1)+IFERROR(LARGE($F53:$O53,2),0)*($R$5>=2)+IFERROR(LARGE($F53:$O53,3),0)*($R$5>=3)+IFERROR(LARGE($F53:$O53,4),0)*($R$5>=4)+IFERROR(LARGE($F53:$O53,5),0)*($R$5>=5)+IFERROR(LARGE($F53:$O53,6),0)*($R$5>=6)+IFERROR(LARGE($F53:$O53,7),0)*($R$5>=7)+IFERROR(LARGE($F53:$O53,8),0)*($R$5>=8)+IFERROR(LARGE($F53:$O53,9),0)*($R$5>=9)+IFERROR(LARGE($F53:$O53,10),0)*($R$5>=10),1)) | Q53: =IF(N($P53)=0,"",$P53/MIN($R$5,COUNT($F53:$O53))) | R53: =IFERROR(LARGE(Resultaten!$AC$7:$AC$66,24),"") | S53: =IF($R53="","",MATCH($R53,Resultaten!$AC$7:$AC$66,0))
E54: =IF($S53="","","Op 100 schutters") | F54: =IF($S53="","",INDEX(Resultaten!$O$7:$X$66,$S53,1)) | G54: =IF($S53="","",INDEX(Resultaten!$O$7:$X$66,$S53,2)) | H54: =IF($S53="","",INDEX(Resultaten!$O$7:$X$66,$S53,3)) | I54: =IF($S53="","",INDEX(Resultaten!$O$7:$X$66,$S53,4)) | J54: =IF($S53="","",INDEX(Resultaten!$O$7:$X$66,$S53,5)) | K54: =IF($S53="","",INDEX(Resultaten!$O$7:$X$66,$S53,6)) | L54: =IF($S53="","",INDEX(Resultaten!$O$7:$X$66,$S53,7)) | M54: =IF($S53="","",INDEX(Resultaten!$O$7:$X$66,$S53,8)) | N54: =IF($S53="","",INDEX(Resultaten!$O$7:$X$66,$S53,9)) | O54: =IF($S53="","",INDEX(Resultaten!$O$7:$X$66,$S53,10)) | P54: =IF($S53="","",INDEX(Resultaten!$Y$7:$Y$66,$S53)) | Q54: =IF($S53="","",INDEX(Resultaten!$Z$7:$Z$66,$S53)) | S54: =$S53
A55: =IF($S55="","",INDEX(Resultaten!$AA$7:$AA$66,$S55)) | B55: =IF($S55="","",INDEX(Resultaten!$B$7:$B$66,$S55)) | C55: =IF($S55="","",INDEX(Resultaten!$C$7:$C$66,$S55)) | D55: =IF($S55="","",INDEX(Resultaten!$D$7:$D$66,$S55)) | E55: =IF($S55="","","Geschoten") | F55: =IF($S55="","",IF(INDEX(Resultaten!$E$7:$N$66,$S55,1)="","",INDEX(Resultaten!$E$7:$N$66,$S55,1))) | G55: =IF($S55="","",IF(INDEX(Resultaten!$E$7:$N$66,$S55,2)="","",INDEX(Resultaten!$E$7:$N$66,$S55,2))) | H55: =IF($S55="","",IF(INDEX(Resultaten!$E$7:$N$66,$S55,3)="","",INDEX(Resultaten!$E$7:$N$66,$S55,3))) | I55: =IF($S55="","",IF(INDEX(Resultaten!$E$7:$N$66,$S55,4)="","",INDEX(Resultaten!$E$7:$N$66,$S55,4))) | J55: =IF($S55="","",IF(INDEX(Resultaten!$E$7:$N$66,$S55,5)="","",INDEX(Resultaten!$E$7:$N$66,$S55,5))) | K55: =IF($S55="","",IF(INDEX(Resultaten!$E$7:$N$66,$S55,6)="","",INDEX(Resultaten!$E$7:$N$66,$S55,6))) | L55: =IF($S55="","",IF(INDEX(Resultaten!$E$7:$N$66,$S55,7)="","",INDEX(Resultaten!$E$7:$N$66,$S55,7))) | M55: =IF($S55="","",IF(INDEX(Resultaten!$E$7:$N$66,$S55,8)="","",INDEX(Resultaten!$E$7:$N$66,$S55,8))) | N55: =IF($S55="","",IF(INDEX(Resultaten!$E$7:$N$66,$S55,9)="","",INDEX(Resultaten!$E$7:$N$66,$S55,9))) | O55: =IF($S55="","",IF(INDEX(Resultaten!$E$7:$N$66,$S55,10)="","",INDEX(Resultaten!$E$7:$N$66,$S55,10))) | P55: =IF(OR($S55="",COUNT($F55:$O55)=0),"",ROUND(IFERROR(LARGE($F55:$O55,1),0)*($R$5>=1)+IFERROR(LARGE($F55:$O55,2),0)*($R$5>=2)+IFERROR(LARGE($F55:$O55,3),0)*($R$5>=3)+IFERROR(LARGE($F55:$O55,4),0)*($R$5>=4)+IFERROR(LARGE($F55:$O55,5),0)*($R$5>=5)+IFERROR(LARGE($F55:$O55,6),0)*($R$5>=6)+IFERROR(LARGE($F55:$O55,7),0)*($R$5>=7)+IFERROR(LARGE($F55:$O55,8),0)*($R$5>=8)+IFERROR(LARGE($F55:$O55,9),0)*($R$5>=9)+IFERROR(LARGE($F55:$O55,10),0)*($R$5>=10),1)) | Q55: =IF(N($P55)=0,"",$P55/MIN($R$5,COUNT($F55:$O55))) | R55: =IFERROR(LARGE(Resultaten!$AC$7:$AC$66,25),"") | S55: =IF($R55="","",MATCH($R55,Resultaten!$AC$7:$AC$66,0))
E56: =IF($S55="","","Op 100 schutters") | F56: =IF($S55="","",INDEX(Resultaten!$O$7:$X$66,$S55,1)) | G56: =IF($S55="","",INDEX(Resultaten!$O$7:$X$66,$S55,2)) | H56: =IF($S55="","",INDEX(Resultaten!$O$7:$X$66,$S55,3)) | I56: =IF($S55="","",INDEX(Resultaten!$O$7:$X$66,$S55,4)) | J56: =IF($S55="","",INDEX(Resultaten!$O$7:$X$66,$S55,5)) | K56: =IF($S55="","",INDEX(Resultaten!$O$7:$X$66,$S55,6)) | L56: =IF($S55="","",INDEX(Resultaten!$O$7:$X$66,$S55,7)) | M56: =IF($S55="","",INDEX(Resultaten!$O$7:$X$66,$S55,8)) | N56: =IF($S55="","",INDEX(Resultaten!$O$7:$X$66,$S55,9)) | O56: =IF($S55="","",INDEX(Resultaten!$O$7:$X$66,$S55,10)) | P56: =IF($S55="","",INDEX(Resultaten!$Y$7:$Y$66,$S55)) | Q56: =IF($S55="","",INDEX(Resultaten!$Z$7:$Z$66,$S55)) | S56: =$S55
A57: =IF($S57="","",INDEX(Resultaten!$AA$7:$AA$66,$S57)) | B57: =IF($S57="","",INDEX(Resultaten!$B$7:$B$66,$S57)) | C57: =IF($S57="","",INDEX(Resultaten!$C$7:$C$66,$S57)) | D57: =IF($S57="","",INDEX(Resultaten!$D$7:$D$66,$S57)) | E57: =IF($S57="","","Geschoten") | F57: =IF($S57="","",IF(INDEX(Resultaten!$E$7:$N$66,$S57,1)="","",INDEX(Resultaten!$E$7:$N$66,$S57,1))) | G57: =IF($S57="","",IF(INDEX(Resultaten!$E$7:$N$66,$S57,2)="","",INDEX(Resultaten!$E$7:$N$66,$S57,2))) | H57: =IF($S57="","",IF(INDEX(Resultaten!$E$7:$N$66,$S57,3)="","",INDEX(Resultaten!$E$7:$N$66,$S57,3))) | I57: =IF($S57="","",IF(INDEX(Resultaten!$E$7:$N$66,$S57,4)="","",INDEX(Resultaten!$E$7:$N$66,$S57,4))) | J57: =IF($S57="","",IF(INDEX(Resultaten!$E$7:$N$66,$S57,5)="","",INDEX(Resultaten!$E$7:$N$66,$S57,5))) | K57: =IF($S57="","",IF(INDEX(Resultaten!$E$7:$N$66,$S57,6)="","",INDEX(Resultaten!$E$7:$N$66,$S57,6))) | L57: =IF($S57="","",IF(INDEX(Resultaten!$E$7:$N$66,$S57,7)="","",INDEX(Resultaten!$E$7:$N$66,$S57,7))) | M57: =IF($S57="","",IF(INDEX(Resultaten!$E$7:$N$66,$S57,8)="","",INDEX(Resultaten!$E$7:$N$66,$S57,8))) | N57: =IF($S57="","",IF(INDEX(Resultaten!$E$7:$N$66,$S57,9)="","",INDEX(Resultaten!$E$7:$N$66,$S57,9))) | O57: =IF($S57="","",IF(INDEX(Resultaten!$E$7:$N$66,$S57,10)="","",INDEX(Resultaten!$E$7:$N$66,$S57,10))) | P57: =IF(OR($S57="",COUNT($F57:$O57)=0),"",ROUND(IFERROR(LARGE($F57:$O57,1),0)*($R$5>=1)+IFERROR(LARGE($F57:$O57,2),0)*($R$5>=2)+IFERROR(LARGE($F57:$O57,3),0)*($R$5>=3)+IFERROR(LARGE($F57:$O57,4),0)*($R$5>=4)+IFERROR(LARGE($F57:$O57,5),0)*($R$5>=5)+IFERROR(LARGE($F57:$O57,6),0)*($R$5>=6)+IFERROR(LARGE($F57:$O57,7),0)*($R$5>=7)+IFERROR(LARGE($F57:$O57,8),0)*($R$5>=8)+IFERROR(LARGE($F57:$O57,9),0)*($R$5>=9)+IFERROR(LARGE($F57:$O57,10),0)*($R$5>=10),1)) | Q57: =IF(N($P57)=0,"",$P57/MIN($R$5,COUNT($F57:$O57))) | R57: =IFERROR(LARGE(Resultaten!$AC$7:$AC$66,26),"") | S57: =IF($R57="","",MATCH($R57,Resultaten!$AC$7:$AC$66,0))
E58: =IF($S57="","","Op 100 schutters") | F58: =IF($S57="","",INDEX(Resultaten!$O$7:$X$66,$S57,1)) | G58: =IF($S57="","",INDEX(Resultaten!$O$7:$X$66,$S57,2)) | H58: =IF($S57="","",INDEX(Resultaten!$O$7:$X$66,$S57,3)) | I58: =IF($S57="","",INDEX(Resultaten!$O$7:$X$66,$S57,4)) | J58: =IF($S57="","",INDEX(Resultaten!$O$7:$X$66,$S57,5)) | K58: =IF($S57="","",INDEX(Resultaten!$O$7:$X$66,$S57,6)) | L58: =IF($S57="","",INDEX(Resultaten!$O$7:$X$66,$S57,7)) | M58: =IF($S57="","",INDEX(Resultaten!$O$7:$X$66,$S57,8)) | N58: =IF($S57="","",INDEX(Resultaten!$O$7:$X$66,$S57,9)) | O58: =IF($S57="","",INDEX(Resultaten!$O$7:$X$66,$S57,10)) | P58: =IF($S57="","",INDEX(Resultaten!$Y$7:$Y$66,$S57)) | Q58: =IF($S57="","",INDEX(Resultaten!$Z$7:$Z$66,$S57)) | S58: =$S57
A59: =IF($S59="","",INDEX(Resultaten!$AA$7:$AA$66,$S59)) | B59: =IF($S59="","",INDEX(Resultaten!$B$7:$B$66,$S59)) | C59: =IF($S59="","",INDEX(Resultaten!$C$7:$C$66,$S59)) | D59: =IF($S59="","",INDEX(Resultaten!$D$7:$D$66,$S59)) | E59: =IF($S59="","","Geschoten") | F59: =IF($S59="","",IF(INDEX(Resultaten!$E$7:$N$66,$S59,1)="","",INDEX(Resultaten!$E$7:$N$66,$S59,1))) | G59: =IF($S59="","",IF(INDEX(Resultaten!$E$7:$N$66,$S59,2)="","",INDEX(Resultaten!$E$7:$N$66,$S59,2))) | H59: =IF($S59="","",IF(INDEX(Resultaten!$E$7:$N$66,$S59,3)="","",INDEX(Resultaten!$E$7:$N$66,$S59,3))) | I59: =IF($S59="","",IF(INDEX(Resultaten!$E$7:$N$66,$S59,4)="","",INDEX(Resultaten!$E$7:$N$66,$S59,4))) | J59: =IF($S59="","",IF(INDEX(Resultaten!$E$7:$N$66,$S59,5)="","",INDEX(Resultaten!$E$7:$N$66,$S59,5))) | K59: =IF($S59="","",IF(INDEX(Resultaten!$E$7:$N$66,$S59,6)="","",INDEX(Resultaten!$E$7:$N$66,$S59,6))) | L59: =IF($S59="","",IF(INDEX(Resultaten!$E$7:$N$66,$S59,7)="","",INDEX(Resultaten!$E$7:$N$66,$S59,7))) | M59: =IF($S59="","",IF(INDEX(Resultaten!$E$7:$N$66,$S59,8)="","",INDEX(Resultaten!$E$7:$N$66,$S59,8))) | N59: =IF($S59="","",IF(INDEX(Resultaten!$E$7:$N$66,$S59,9)="","",INDEX(Resultaten!$E$7:$N$66,$S59,9))) | O59: =IF($S59="","",IF(INDEX(Resultaten!$E$7:$N$66,$S59,10)="","",INDEX(Resultaten!$E$7:$N$66,$S59,10))) | P59: =IF(OR($S59="",COUNT($F59:$O59)=0),"",ROUND(IFERROR(LARGE($F59:$O59,1),0)*($R$5>=1)+IFERROR(LARGE($F59:$O59,2),0)*($R$5>=2)+IFERROR(LARGE($F59:$O59,3),0)*($R$5>=3)+IFERROR(LARGE($F59:$O59,4),0)*($R$5>=4)+IFERROR(LARGE($F59:$O59,5),0)*($R$5>=5)+IFERROR(LARGE($F59:$O59,6),0)*($R$5>=6)+IFERROR(LARGE($F59:$O59,7),0)*($R$5>=7)+IFERROR(LARGE($F59:$O59,8),0)*($R$5>=8)+IFERROR(LARGE($F59:$O59,9),0)*($R$5>=9)+IFERROR(LARGE($F59:$O59,10),0)*($R$5>=10),1)) | Q59: =IF(N($P59)=0,"",$P59/MIN($R$5,COUNT($F59:$O59))) | R59: =IFERROR(LARGE(Resultaten!$AC$7:$AC$66,27),"") | S59: =IF($R59="","",MATCH($R59,Resultaten!$AC$7:$AC$66,0))
E60: =IF($S59="","","Op 100 schutters") | F60: =IF($S59="","",INDEX(Resultaten!$O$7:$X$66,$S59,1)) | G60: =IF($S59="","",INDEX(Resultaten!$O$7:$X$66,$S59,2)) | H60: =IF($S59="","",INDEX(Resultaten!$O$7:$X$66,$S59,3)) | I60: =IF($S59="","",INDEX(Resultaten!$O$7:$X$66,$S59,4)) | J60: =IF($S59="","",INDEX(Resultaten!$O$7:$X$66,$S59,5)) | K60: =IF($S59="","",INDEX(Resultaten!$O$7:$X$66,$S59,6)) | L60: =IF($S59="","",INDEX(Resultaten!$O$7:$X$66,$S59,7)) | M60: =IF($S59="","",INDEX(Resultaten!$O$7:$X$66,$S59,8)) | N60: =IF($S59="","",INDEX(Resultaten!$O$7:$X$66,$S59,9)) | O60: =IF($S59="","",INDEX(Resultaten!$O$7:$X$66,$S59,10)) | P60: =IF($S59="","",INDEX(Resultaten!$Y$7:$Y$66,$S59)) | Q60: =IF($S59="","",INDEX(Resultaten!$Z$7:$Z$66,$S59)) | S60: =$S59
A61: =IF($S61="","",INDEX(Resultaten!$AA$7:$AA$66,$S61)) | B61: =IF($S61="","",INDEX(Resultaten!$B$7:$B$66,$S61)) | C61: =IF($S61="","",INDEX(Resultaten!$C$7:$C$66,$S61)) | D61: =IF($S61="","",INDEX(Resultaten!$D$7:$D$66,$S61)) | E61: =IF($S61="","","Geschoten") | F61: =IF($S61="","",IF(INDEX(Resultaten!$E$7:$N$66,$S61,1)="","",INDEX(Resultaten!$E$7:$N$66,$S61,1))) | G61: =IF($S61="","",IF(INDEX(Resultaten!$E$7:$N$66,$S61,2)="","",INDEX(Resultaten!$E$7:$N$66,$S61,2))) | H61: =IF($S61="","",IF(INDEX(Resultaten!$E$7:$N$66,$S61,3)="","",INDEX(Resultaten!$E$7:$N$66,$S61,3))) | I61: =IF($S61="","",IF(INDEX(Resultaten!$E$7:$N$66,$S61,4)="","",INDEX(Resultaten!$E$7:$N$66,$S61,4))) | J61: =IF($S61="","",IF(INDEX(Resultaten!$E$7:$N$66,$S61,5)="","",INDEX(Resultaten!$E$7:$N$66,$S61,5))) | K61: =IF($S61="","",IF(INDEX(Resultaten!$E$7:$N$66,$S61,6)="","",INDEX(Resultaten!$E$7:$N$66,$S61,6))) | L61: =IF($S61="","",IF(INDEX(Resultaten!$E$7:$N$66,$S61,7)="","",INDEX(Resultaten!$E$7:$N$66,$S61,7))) | M61: =IF($S61="","",IF(INDEX(Resultaten!$E$7:$N$66,$S61,8)="","",INDEX(Resultaten!$E$7:$N$66,$S61,8))) | N61: =IF($S61="","",IF(INDEX(Resultaten!$E$7:$N$66,$S61,9)="","",INDEX(Resultaten!$E$7:$N$66,$S61,9))) | O61: =IF($S61="","",IF(INDEX(Resultaten!$E$7:$N$66,$S61,10)="","",INDEX(Resultaten!$E$7:$N$66,$S61,10))) | P61: =IF(OR($S61="",COUNT($F61:$O61)=0),"",ROUND(IFERROR(LARGE($F61:$O61,1),0)*($R$5>=1)+IFERROR(LARGE($F61:$O61,2),0)*($R$5>=2)+IFERROR(LARGE($F61:$O61,3),0)*($R$5>=3)+IFERROR(LARGE($F61:$O61,4),0)*($R$5>=4)+IFERROR(LARGE($F61:$O61,5),0)*($R$5>=5)+IFERROR(LARGE($F61:$O61,6),0)*($R$5>=6)+IFERROR(LARGE($F61:$O61,7),0)*($R$5>=7)+IFERROR(LARGE($F61:$O61,8),0)*($R$5>=8)+IFERROR(LARGE($F61:$O61,9),0)*($R$5>=9)+IFERROR(LARGE($F61:$O61,10),0)*($R$5>=10),1)) | Q61: =IF(N($P61)=0,"",$P61/MIN($R$5,COUNT($F61:$O61))) | R61: =IFERROR(LARGE(Resultaten!$AC$7:$AC$66,28),"") | S61: =IF($R61="","",MATCH($R61,Resultaten!$AC$7:$AC$66,0))
E62: =IF($S61="","","Op 100 schutters") | F62: =IF($S61="","",INDEX(Resultaten!$O$7:$X$66,$S61,1)) | G62: =IF($S61="","",INDEX(Resultaten!$O$7:$X$66,$S61,2)) | H62: =IF($S61="","",INDEX(Resultaten!$O$7:$X$66,$S61,3)) | I62: =IF($S61="","",INDEX(Resultaten!$O$7:$X$66,$S61,4)) | J62: =IF($S61="","",INDEX(Resultaten!$O$7:$X$66,$S61,5)) | K62: =IF($S61="","",INDEX(Resultaten!$O$7:$X$66,$S61,6)) | L62: =IF($S61="","",INDEX(Resultaten!$O$7:$X$66,$S61,7)) | M62: =IF($S61="","",INDEX(Resultaten!$O$7:$X$66,$S61,8)) | N62: =IF($S61="","",INDEX(Resultaten!$O$7:$X$66,$S61,9)) | O62: =IF($S61="","",INDEX(Resultaten!$O$7:$X$66,$S61,10)) | P62: =IF($S61="","",INDEX(Resultaten!$Y$7:$Y$66,$S61)) | Q62: =IF($S61="","",INDEX(Resultaten!$Z$7:$Z$66,$S61)) | S62: =$S61
A63: =IF($S63="","",INDEX(Resultaten!$AA$7:$AA$66,$S63)) | B63: =IF($S63="","",INDEX(Resultaten!$B$7:$B$66,$S63)) | C63: =IF($S63="","",INDEX(Resultaten!$C$7:$C$66,$S63)) | D63: =IF($S63="","",INDEX(Resultaten!$D$7:$D$66,$S63)) | E63: =IF($S63="","","Geschoten") | F63: =IF($S63="","",IF(INDEX(Resultaten!$E$7:$N$66,$S63,1)="","",INDEX(Resultaten!$E$7:$N$66,$S63,1))) | G63: =IF($S63="","",IF(INDEX(Resultaten!$E$7:$N$66,$S63,2)="","",INDEX(Resultaten!$E$7:$N$66,$S63,2))) | H63: =IF($S63="","",IF(INDEX(Resultaten!$E$7:$N$66,$S63,3)="","",INDEX(Resultaten!$E$7:$N$66,$S63,3))) | I63: =IF($S63="","",IF(INDEX(Resultaten!$E$7:$N$66,$S63,4)="","",INDEX(Resultaten!$E$7:$N$66,$S63,4))) | J63: =IF($S63="","",IF(INDEX(Resultaten!$E$7:$N$66,$S63,5)="","",INDEX(Resultaten!$E$7:$N$66,$S63,5))) | K63: =IF($S63="","",IF(INDEX(Resultaten!$E$7:$N$66,$S63,6)="","",INDEX(Resultaten!$E$7:$N$66,$S63,6))) | L63: =IF($S63="","",IF(INDEX(Resultaten!$E$7:$N$66,$S63,7)="","",INDEX(Resultaten!$E$7:$N$66,$S63,7))) | M63: =IF($S63="","",IF(INDEX(Resultaten!$E$7:$N$66,$S63,8)="","",INDEX(Resultaten!$E$7:$N$66,$S63,8))) | N63: =IF($S63="","",IF(INDEX(Resultaten!$E$7:$N$66,$S63,9)="","",INDEX(Resultaten!$E$7:$N$66,$S63,9))) | O63: =IF($S63="","",IF(INDEX(Resultaten!$E$7:$N$66,$S63,10)="","",INDEX(Resultaten!$E$7:$N$66,$S63,10))) | P63: =IF(OR($S63="",COUNT($F63:$O63)=0),"",ROUND(IFERROR(LARGE($F63:$O63,1),0)*($R$5>=1)+IFERROR(LARGE($F63:$O63,2),0)*($R$5>=2)+IFERROR(LARGE($F63:$O63,3),0)*($R$5>=3)+IFERROR(LARGE($F63:$O63,4),0)*($R$5>=4)+IFERROR(LARGE($F63:$O63,5),0)*($R$5>=5)+IFERROR(LARGE($F63:$O63,6),0)*($R$5>=6)+IFERROR(LARGE($F63:$O63,7),0)*($R$5>=7)+IFERROR(LARGE($F63:$O63,8),0)*($R$5>=8)+IFERROR(LARGE($F63:$O63,9),0)*($R$5>=9)+IFERROR(LARGE($F63:$O63,10),0)*($R$5>=10),1)) | Q63: =IF(N($P63)=0,"",$P63/MIN($R$5,COUNT($F63:$O63))) | R63: =IFERROR(LARGE(Resultaten!$AC$7:$AC$66,29),"") | S63: =IF($R63="","",MATCH($R63,Resultaten!$AC$7:$AC$66,0))
E64: =IF($S63="","","Op 100 schutters") | F64: =IF($S63="","",INDEX(Resultaten!$O$7:$X$66,$S63,1)) | G64: =IF($S63="","",INDEX(Resultaten!$O$7:$X$66,$S63,2)) | H64: =IF($S63="","",INDEX(Resultaten!$O$7:$X$66,$S63,3)) | I64: =IF($S63="","",INDEX(Resultaten!$O$7:$X$66,$S63,4)) | J64: =IF($S63="","",INDEX(Resultaten!$O$7:$X$66,$S63,5)) | K64: =IF($S63="","",INDEX(Resultaten!$O$7:$X$66,$S63,6)) | L64: =IF($S63="","",INDEX(Resultaten!$O$7:$X$66,$S63,7)) | M64: =IF($S63="","",INDEX(Resultaten!$O$7:$X$66,$S63,8)) | N64: =IF($S63="","",INDEX(Resultaten!$O$7:$X$66,$S63,9)) | O64: =IF($S63="","",INDEX(Resultaten!$O$7:$X$66,$S63,10)) | P64: =IF($S63="","",INDEX(Resultaten!$Y$7:$Y$66,$S63)) | Q64: =IF($S63="","",INDEX(Resultaten!$Z$7:$Z$66,$S63)) | S64: =$S63
A65: =IF($S65="","",INDEX(Resultaten!$AA$7:$AA$66,$S65)) | B65: =IF($S65="","",INDEX(Resultaten!$B$7:$B$66,$S65)) | C65: =IF($S65="","",INDEX(Resultaten!$C$7:$C$66,$S65)) | D65: =IF($S65="","",INDEX(Resultaten!$D$7:$D$66,$S65)) | E65: =IF($S65="","","Geschoten") | F65: =IF($S65="","",IF(INDEX(Resultaten!$E$7:$N$66,$S65,1)="","",INDEX(Resultaten!$E$7:$N$66,$S65,1))) | G65: =IF($S65="","",IF(INDEX(Resultaten!$E$7:$N$66,$S65,2)="","",INDEX(Resultaten!$E$7:$N$66,$S65,2))) | H65: =IF($S65="","",IF(INDEX(Resultaten!$E$7:$N$66,$S65,3)="","",INDEX(Resultaten!$E$7:$N$66,$S65,3))) | I65: =IF($S65="","",IF(INDEX(Resultaten!$E$7:$N$66,$S65,4)="","",INDEX(Resultaten!$E$7:$N$66,$S65,4))) | J65: =IF($S65="","",IF(INDEX(Resultaten!$E$7:$N$66,$S65,5)="","",INDEX(Resultaten!$E$7:$N$66,$S65,5))) | K65: =IF($S65="","",IF(INDEX(Resultaten!$E$7:$N$66,$S65,6)="","",INDEX(Resultaten!$E$7:$N$66,$S65,6))) | L65: =IF($S65="","",IF(INDEX(Resultaten!$E$7:$N$66,$S65,7)="","",INDEX(Resultaten!$E$7:$N$66,$S65,7))) | M65: =IF($S65="","",IF(INDEX(Resultaten!$E$7:$N$66,$S65,8)="","",INDEX(Resultaten!$E$7:$N$66,$S65,8))) | N65: =IF($S65="","",IF(INDEX(Resultaten!$E$7:$N$66,$S65,9)="","",INDEX(Resultaten!$E$7:$N$66,$S65,9))) | O65: =IF($S65="","",IF(INDEX(Resultaten!$E$7:$N$66,$S65,10)="","",INDEX(Resultaten!$E$7:$N$66,$S65,10))) | P65: =IF(OR($S65="",COUNT($F65:$O65)=0),"",ROUND(IFERROR(LARGE($F65:$O65,1),0)*($R$5>=1)+IFERROR(LARGE($F65:$O65,2),0)*($R$5>=2)+IFERROR(LARGE($F65:$O65,3),0)*($R$5>=3)+IFERROR(LARGE($F65:$O65,4),0)*($R$5>=4)+IFERROR(LARGE($F65:$O65,5),0)*($R$5>=5)+IFERROR(LARGE($F65:$O65,6),0)*($R$5>=6)+IFERROR(LARGE($F65:$O65,7),0)*($R$5>=7)+IFERROR(LARGE($F65:$O65,8),0)*($R$5>=8)+IFERROR(LARGE($F65:$O65,9),0)*($R$5>=9)+IFERROR(LARGE($F65:$O65,10),0)*($R$5>=10),1)) | Q65: =IF(N($P65)=0,"",$P65/MIN($R$5,COUNT($F65:$O65))) | R65: =IFERROR(LARGE(Resultaten!$AC$7:$AC$66,30),"") | S65: =IF($R65="","",MATCH($R65,Resultaten!$AC$7:$AC$66,0))
E66: =IF($S65="","","Op 100 schutters") | F66: =IF($S65="","",INDEX(Resultaten!$O$7:$X$66,$S65,1)) | G66: =IF($S65="","",INDEX(Resultaten!$O$7:$X$66,$S65,2)) | H66: =IF($S65="","",INDEX(Resultaten!$O$7:$X$66,$S65,3)) | I66: =IF($S65="","",INDEX(Resultaten!$O$7:$X$66,$S65,4)) | J66: =IF($S65="","",INDEX(Resultaten!$O$7:$X$66,$S65,5)) | K66: =IF($S65="","",INDEX(Resultaten!$O$7:$X$66,$S65,6)) | L66: =IF($S65="","",INDEX(Resultaten!$O$7:$X$66,$S65,7)) | M66: =IF($S65="","",INDEX(Resultaten!$O$7:$X$66,$S65,8)) | N66: =IF($S65="","",INDEX(Resultaten!$O$7:$X$66,$S65,9)) | O66: =IF($S65="","",INDEX(Resultaten!$O$7:$X$66,$S65,10)) | P66: =IF($S65="","",INDEX(Resultaten!$Y$7:$Y$66,$S65)) | Q66: =IF($S65="","",INDEX(Resultaten!$Z$7:$Z$66,$S65)) | S66: =$S65
A67: =IF($S67="","",INDEX(Resultaten!$AA$7:$AA$66,$S67)) | B67: =IF($S67="","",INDEX(Resultaten!$B$7:$B$66,$S67)) | C67: =IF($S67="","",INDEX(Resultaten!$C$7:$C$66,$S67)) | D67: =IF($S67="","",INDEX(Resultaten!$D$7:$D$66,$S67)) | E67: =IF($S67="","","Geschoten") | F67: =IF($S67="","",IF(INDEX(Resultaten!$E$7:$N$66,$S67,1)="","",INDEX(Resultaten!$E$7:$N$66,$S67,1))) | G67: =IF($S67="","",IF(INDEX(Resultaten!$E$7:$N$66,$S67,2)="","",INDEX(Resultaten!$E$7:$N$66,$S67,2))) | H67: =IF($S67="","",IF(INDEX(Resultaten!$E$7:$N$66,$S67,3)="","",INDEX(Resultaten!$E$7:$N$66,$S67,3))) | I67: =IF($S67="","",IF(INDEX(Resultaten!$E$7:$N$66,$S67,4)="","",INDEX(Resultaten!$E$7:$N$66,$S67,4))) | J67: =IF($S67="","",IF(INDEX(Resultaten!$E$7:$N$66,$S67,5)="","",INDEX(Resultaten!$E$7:$N$66,$S67,5))) | K67: =IF($S67="","",IF(INDEX(Resultaten!$E$7:$N$66,$S67,6)="","",INDEX(Resultaten!$E$7:$N$66,$S67,6))) | L67: =IF($S67="","",IF(INDEX(Resultaten!$E$7:$N$66,$S67,7)="","",INDEX(Resultaten!$E$7:$N$66,$S67,7))) | M67: =IF($S67="","",IF(INDEX(Resultaten!$E$7:$N$66,$S67,8)="","",INDEX(Resultaten!$E$7:$N$66,$S67,8))) | N67: =IF($S67="","",IF(INDEX(Resultaten!$E$7:$N$66,$S67,9)="","",INDEX(Resultaten!$E$7:$N$66,$S67,9))) | O67: =IF($S67="","",IF(INDEX(Resultaten!$E$7:$N$66,$S67,10)="","",INDEX(Resultaten!$E$7:$N$66,$S67,10))) | P67: =IF(OR($S67="",COUNT($F67:$O67)=0),"",ROUND(IFERROR(LARGE($F67:$O67,1),0)*($R$5>=1)+IFERROR(LARGE($F67:$O67,2),0)*($R$5>=2)+IFERROR(LARGE($F67:$O67,3),0)*($R$5>=3)+IFERROR(LARGE($F67:$O67,4),0)*($R$5>=4)+IFERROR(LARGE($F67:$O67,5),0)*($R$5>=5)+IFERROR(LARGE($F67:$O67,6),0)*($R$5>=6)+IFERROR(LARGE($F67:$O67,7),0)*($R$5>=7)+IFERROR(LARGE($F67:$O67,8),0)*($R$5>=8)+IFERROR(LARGE($F67:$O67,9),0)*($R$5>=9)+IFERROR(LARGE($F67:$O67,10),0)*($R$5>=10),1)) | Q67: =IF(N($P67)=0,"",$P67/MIN($R$5,COUNT($F67:$O67))) | R67: =IFERROR(LARGE(Resultaten!$AC$7:$AC$66,31),"") | S67: =IF($R67="","",MATCH($R67,Resultaten!$AC$7:$AC$66,0))
E68: =IF($S67="","","Op 100 schutters") | F68: =IF($S67="","",INDEX(Resultaten!$O$7:$X$66,$S67,1)) | G68: =IF($S67="","",INDEX(Resultaten!$O$7:$X$66,$S67,2)) | H68: =IF($S67="","",INDEX(Resultaten!$O$7:$X$66,$S67,3)) | I68: =IF($S67="","",INDEX(Resultaten!$O$7:$X$66,$S67,4)) | J68: =IF($S67="","",INDEX(Resultaten!$O$7:$X$66,$S67,5)) | K68: =IF($S67="","",INDEX(Resultaten!$O$7:$X$66,$S67,6)) | L68: =IF($S67="","",INDEX(Resultaten!$O$7:$X$66,$S67,7)) | M68: =IF($S67="","",INDEX(Resultaten!$O$7:$X$66,$S67,8)) | N68: =IF($S67="","",INDEX(Resultaten!$O$7:$X$66,$S67,9)) | O68: =IF($S67="","",INDEX(Resultaten!$O$7:$X$66,$S67,10)) | P68: =IF($S67="","",INDEX(Resultaten!$Y$7:$Y$66,$S67)) | Q68: =IF($S67="","",INDEX(Resultaten!$Z$7:$Z$66,$S67)) | S68: =$S67
A69: =IF($S69="","",INDEX(Resultaten!$AA$7:$AA$66,$S69)) | B69: =IF($S69="","",INDEX(Resultaten!$B$7:$B$66,$S69)) | C69: =IF($S69="","",INDEX(Resultaten!$C$7:$C$66,$S69)) | D69: =IF($S69="","",INDEX(Resultaten!$D$7:$D$66,$S69)) | E69: =IF($S69="","","Geschoten") | F69: =IF($S69="","",IF(INDEX(Resultaten!$E$7:$N$66,$S69,1)="","",INDEX(Resultaten!$E$7:$N$66,$S69,1))) | G69: =IF($S69="","",IF(INDEX(Resultaten!$E$7:$N$66,$S69,2)="","",INDEX(Resultaten!$E$7:$N$66,$S69,2))) | H69: =IF($S69="","",IF(INDEX(Resultaten!$E$7:$N$66,$S69,3)="","",INDEX(Resultaten!$E$7:$N$66,$S69,3))) | I69: =IF($S69="","",IF(INDEX(Resultaten!$E$7:$N$66,$S69,4)="","",INDEX(Resultaten!$E$7:$N$66,$S69,4))) | J69: =IF($S69="","",IF(INDEX(Resultaten!$E$7:$N$66,$S69,5)="","",INDEX(Resultaten!$E$7:$N$66,$S69,5))) | K69: =IF($S69="","",IF(INDEX(Resultaten!$E$7:$N$66,$S69,6)="","",INDEX(Resultaten!$E$7:$N$66,$S69,6))) | L69: =IF($S69="","",IF(INDEX(Resultaten!$E$7:$N$66,$S69,7)="","",INDEX(Resultaten!$E$7:$N$66,$S69,7))) | M69: =IF($S69="","",IF(INDEX(Resultaten!$E$7:$N$66,$S69,8)="","",INDEX(Resultaten!$E$7:$N$66,$S69,8))) | N69: =IF($S69="","",IF(INDEX(Resultaten!$E$7:$N$66,$S69,9)="","",INDEX(Resultaten!$E$7:$N$66,$S69,9))) | O69: =IF($S69="","",IF(INDEX(Resultaten!$E$7:$N$66,$S69,10)="","",INDEX(Resultaten!$E$7:$N$66,$S69,10))) | P69: =IF(OR($S69="",COUNT($F69:$O69)=0),"",ROUND(IFERROR(LARGE($F69:$O69,1),0)*($R$5>=1)+IFERROR(LARGE($F69:$O69,2),0)*($R$5>=2)+IFERROR(LARGE($F69:$O69,3),0)*($R$5>=3)+IFERROR(LARGE($F69:$O69,4),0)*($R$5>=4)+IFERROR(LARGE($F69:$O69,5),0)*($R$5>=5)+IFERROR(LARGE($F69:$O69,6),0)*($R$5>=6)+IFERROR(LARGE($F69:$O69,7),0)*($R$5>=7)+IFERROR(LARGE($F69:$O69,8),0)*($R$5>=8)+IFERROR(LARGE($F69:$O69,9),0)*($R$5>=9)+IFERROR(LARGE($F69:$O69,10),0)*($R$5>=10),1)) | Q69: =IF(N($P69)=0,"",$P69/MIN($R$5,COUNT($F69:$O69))) | R69: =IFERROR(LARGE(Resultaten!$AC$7:$AC$66,32),"") | S69: =IF($R69="","",MATCH($R69,Resultaten!$AC$7:$AC$66,0))
E70: =IF($S69="","","Op 100 schutters") | F70: =IF($S69="","",INDEX(Resultaten!$O$7:$X$66,$S69,1)) | G70: =IF($S69="","",INDEX(Resultaten!$O$7:$X$66,$S69,2)) | H70: =IF($S69="","",INDEX(Resultaten!$O$7:$X$66,$S69,3)) | I70: =IF($S69="","",INDEX(Resultaten!$O$7:$X$66,$S69,4)) | J70: =IF($S69="","",INDEX(Resultaten!$O$7:$X$66,$S69,5)) | K70: =IF($S69="","",INDEX(Resultaten!$O$7:$X$66,$S69,6)) | L70: =IF($S69="","",INDEX(Resultaten!$O$7:$X$66,$S69,7)) | M70: =IF($S69="","",INDEX(Resultaten!$O$7:$X$66,$S69,8)) | N70: =IF($S69="","",INDEX(Resultaten!$O$7:$X$66,$S69,9)) | O70: =IF($S69="","",INDEX(Resultaten!$O$7:$X$66,$S69,10)) | P70: =IF($S69="","",INDEX(Resultaten!$Y$7:$Y$66,$S69)) | Q70: =IF($S69="","",INDEX(Resultaten!$Z$7:$Z$66,$S69)) | S70: =$S69
A71: =IF($S71="","",INDEX(Resultaten!$AA$7:$AA$66,$S71)) | B71: =IF($S71="","",INDEX(Resultaten!$B$7:$B$66,$S71)) | C71: =IF($S71="","",INDEX(Resultaten!$C$7:$C$66,$S71)) | D71: =IF($S71="","",INDEX(Resultaten!$D$7:$D$66,$S71)) | E71: =IF($S71="","","Geschoten") | F71: =IF($S71="","",IF(INDEX(Resultaten!$E$7:$N$66,$S71,1)="","",INDEX(Resultaten!$E$7:$N$66,$S71,1))) | G71: =IF($S71="","",IF(INDEX(Resultaten!$E$7:$N$66,$S71,2)="","",INDEX(Resultaten!$E$7:$N$66,$S71,2))) | H71: =IF($S71="","",IF(INDEX(Resultaten!$E$7:$N$66,$S71,3)="","",INDEX(Resultaten!$E$7:$N$66,$S71,3))) | I71: =IF($S71="","",IF(INDEX(Resultaten!$E$7:$N$66,$S71,4)="","",INDEX(Resultaten!$E$7:$N$66,$S71,4))) | J71: =IF($S71="","",IF(INDEX(Resultaten!$E$7:$N$66,$S71,5)="","",INDEX(Resultaten!$E$7:$N$66,$S71,5))) | K71: =IF($S71="","",IF(INDEX(Resultaten!$E$7:$N$66,$S71,6)="","",INDEX(Resultaten!$E$7:$N$66,$S71,6))) | L71: =IF($S71="","",IF(INDEX(Resultaten!$E$7:$N$66,$S71,7)="","",INDEX(Resultaten!$E$7:$N$66,$S71,7))) | M71: =IF($S71="","",IF(INDEX(Resultaten!$E$7:$N$66,$S71,8)="","",INDEX(Resultaten!$E$7:$N$66,$S71,8))) | N71: =IF($S71="","",IF(INDEX(Resultaten!$E$7:$N$66,$S71,9)="","",INDEX(Resultaten!$E$7:$N$66,$S71,9))) | O71: =IF($S71="","",IF(INDEX(Resultaten!$E$7:$N$66,$S71,10)="","",INDEX(Resultaten!$E$7:$N$66,$S71,10))) | P71: =IF(OR($S71="",COUNT($F71:$O71)=0),"",ROUND(IFERROR(LARGE($F71:$O71,1),0)*($R$5>=1)+IFERROR(LARGE($F71:$O71,2),0)*($R$5>=2)+IFERROR(LARGE($F71:$O71,3),0)*($R$5>=3)+IFERROR(LARGE($F71:$O71,4),0)*($R$5>=4)+IFERROR(LARGE($F71:$O71,5),0)*($R$5>=5)+IFERROR(LARGE($F71:$O71,6),0)*($R$5>=6)+IFERROR(LARGE($F71:$O71,7),0)*($R$5>=7)+IFERROR(LARGE($F71:$O71,8),0)*($R$5>=8)+IFERROR(LARGE($F71:$O71,9),0)*($R$5>=9)+IFERROR(LARGE($F71:$O71,10),0)*($R$5>=10),1)) | Q71: =IF(N($P71)=0,"",$P71/MIN($R$5,COUNT($F71:$O71))) | R71: =IFERROR(LARGE(Resultaten!$AC$7:$AC$66,33),"") | S71: =IF($R71="","",MATCH($R71,Resultaten!$AC$7:$AC$66,0))
E72: =IF($S71="","","Op 100 schutters") | F72: =IF($S71="","",INDEX(Resultaten!$O$7:$X$66,$S71,1)) | G72: =IF($S71="","",INDEX(Resultaten!$O$7:$X$66,$S71,2)) | H72: =IF($S71="","",INDEX(Resultaten!$O$7:$X$66,$S71,3)) | I72: =IF($S71="","",INDEX(Resultaten!$O$7:$X$66,$S71,4)) | J72: =IF($S71="","",INDEX(Resultaten!$O$7:$X$66,$S71,5)) | K72: =IF($S71="","",INDEX(Resultaten!$O$7:$X$66,$S71,6)) | L72: =IF($S71="","",INDEX(Resultaten!$O$7:$X$66,$S71,7)) | M72: =IF($S71="","",INDEX(Resultaten!$O$7:$X$66,$S71,8)) | N72: =IF($S71="","",INDEX(Resultaten!$O$7:$X$66,$S71,9)) | O72: =IF($S71="","",INDEX(Resultaten!$O$7:$X$66,$S71,10)) | P72: =IF($S71="","",INDEX(Resultaten!$Y$7:$Y$66,$S71)) | Q72: =IF($S71="","",INDEX(Resultaten!$Z$7:$Z$66,$S71)) | S72: =$S71
A73: =IF($S73="","",INDEX(Resultaten!$AA$7:$AA$66,$S73)) | B73: =IF($S73="","",INDEX(Resultaten!$B$7:$B$66,$S73)) | C73: =IF($S73="","",INDEX(Resultaten!$C$7:$C$66,$S73)) | D73: =IF($S73="","",INDEX(Resultaten!$D$7:$D$66,$S73)) | E73: =IF($S73="","","Geschoten") | F73: =IF($S73="","",IF(INDEX(Resultaten!$E$7:$N$66,$S73,1)="","",INDEX(Resultaten!$E$7:$N$66,$S73,1))) | G73: =IF($S73="","",IF(INDEX(Resultaten!$E$7:$N$66,$S73,2)="","",INDEX(Resultaten!$E$7:$N$66,$S73,2))) | H73: =IF($S73="","",IF(INDEX(Resultaten!$E$7:$N$66,$S73,3)="","",INDEX(Resultaten!$E$7:$N$66,$S73,3))) | I73: =IF($S73="","",IF(INDEX(Resultaten!$E$7:$N$66,$S73,4)="","",INDEX(Resultaten!$E$7:$N$66,$S73,4))) | J73: =IF($S73="","",IF(INDEX(Resultaten!$E$7:$N$66,$S73,5)="","",INDEX(Resultaten!$E$7:$N$66,$S73,5))) | K73: =IF($S73="","",IF(INDEX(Resultaten!$E$7:$N$66,$S73,6)="","",INDEX(Resultaten!$E$7:$N$66,$S73,6))) | L73: =IF($S73="","",IF(INDEX(Resultaten!$E$7:$N$66,$S73,7)="","",INDEX(Resultaten!$E$7:$N$66,$S73,7))) | M73: =IF($S73="","",IF(INDEX(Resultaten!$E$7:$N$66,$S73,8)="","",INDEX(Resultaten!$E$7:$N$66,$S73,8))) | N73: =IF($S73="","",IF(INDEX(Resultaten!$E$7:$N$66,$S73,9)="","",INDEX(Resultaten!$E$7:$N$66,$S73,9))) | O73: =IF($S73="","",IF(INDEX(Resultaten!$E$7:$N$66,$S73,10)="","",INDEX(Resultaten!$E$7:$N$66,$S73,10))) | P73: =IF(OR($S73="",COUNT($F73:$O73)=0),"",ROUND(IFERROR(LARGE($F73:$O73,1),0)*($R$5>=1)+IFERROR(LARGE($F73:$O73,2),0)*($R$5>=2)+IFERROR(LARGE($F73:$O73,3),0)*($R$5>=3)+IFERROR(LARGE($F73:$O73,4),0)*($R$5>=4)+IFERROR(LARGE($F73:$O73,5),0)*($R$5>=5)+IFERROR(LARGE($F73:$O73,6),0)*($R$5>=6)+IFERROR(LARGE($F73:$O73,7),0)*($R$5>=7)+IFERROR(LARGE($F73:$O73,8),0)*($R$5>=8)+IFERROR(LARGE($F73:$O73,9),0)*($R$5>=9)+IFERROR(LARGE($F73:$O73,10),0)*($R$5>=10),1)) | Q73: =IF(N($P73)=0,"",$P73/MIN($R$5,COUNT($F73:$O73))) | R73: =IFERROR(LARGE(Resultaten!$AC$7:$AC$66,34),"") | S73: =IF($R73="","",MATCH($R73,Resultaten!$AC$7:$AC$66,0))
E74: =IF($S73="","","Op 100 schutters") | F74: =IF($S73="","",INDEX(Resultaten!$O$7:$X$66,$S73,1)) | G74: =IF($S73="","",INDEX(Resultaten!$O$7:$X$66,$S73,2)) | H74: =IF($S73="","",INDEX(Resultaten!$O$7:$X$66,$S73,3)) | I74: =IF($S73="","",INDEX(Resultaten!$O$7:$X$66,$S73,4)) | J74: =IF($S73="","",INDEX(Resultaten!$O$7:$X$66,$S73,5)) | K74: =IF($S73="","",INDEX(Resultaten!$O$7:$X$66,$S73,6)) | L74: =IF($S73="","",INDEX(Resultaten!$O$7:$X$66,$S73,7)) | M74: =IF($S73="","",INDEX(Resultaten!$O$7:$X$66,$S73,8)) | N74: =IF($S73="","",INDEX(Resultaten!$O$7:$X$66,$S73,9)) | O74: =IF($S73="","",INDEX(Resultaten!$O$7:$X$66,$S73,10)) | P74: =IF($S73="","",INDEX(Resultaten!$Y$7:$Y$66,$S73)) | Q74: =IF($S73="","",INDEX(Resultaten!$Z$7:$Z$66,$S73)) | S74: =$S73
A75: =IF($S75="","",INDEX(Resultaten!$AA$7:$AA$66,$S75)) | B75: =IF($S75="","",INDEX(Resultaten!$B$7:$B$66,$S75)) | C75: =IF($S75="","",INDEX(Resultaten!$C$7:$C$66,$S75)) | D75: =IF($S75="","",INDEX(Resultaten!$D$7:$D$66,$S75)) | E75: =IF($S75="","","Geschoten") | F75: =IF($S75="","",IF(INDEX(Resultaten!$E$7:$N$66,$S75,1)="","",INDEX(Resultaten!$E$7:$N$66,$S75,1))) | G75: =IF($S75="","",IF(INDEX(Resultaten!$E$7:$N$66,$S75,2)="","",INDEX(Resultaten!$E$7:$N$66,$S75,2))) | H75: =IF($S75="","",IF(INDEX(Resultaten!$E$7:$N$66,$S75,3)="","",INDEX(Resultaten!$E$7:$N$66,$S75,3))) | I75: =IF($S75="","",IF(INDEX(Resultaten!$E$7:$N$66,$S75,4)="","",INDEX(Resultaten!$E$7:$N$66,$S75,4))) | J75: =IF($S75="","",IF(INDEX(Resultaten!$E$7:$N$66,$S75,5)="","",INDEX(Resultaten!$E$7:$N$66,$S75,5))) | K75: =IF($S75="","",IF(INDEX(Resultaten!$E$7:$N$66,$S75,6)="","",INDEX(Resultaten!$E$7:$N$66,$S75,6))) | L75: =IF($S75="","",IF(INDEX(Resultaten!$E$7:$N$66,$S75,7)="","",INDEX(Resultaten!$E$7:$N$66,$S75,7))) | M75: =IF($S75="","",IF(INDEX(Resultaten!$E$7:$N$66,$S75,8)="","",INDEX(Resultaten!$E$7:$N$66,$S75,8))) | N75: =IF($S75="","",IF(INDEX(Resultaten!$E$7:$N$66,$S75,9)="","",INDEX(Resultaten!$E$7:$N$66,$S75,9))) | O75: =IF($S75="","",IF(INDEX(Resultaten!$E$7:$N$66,$S75,10)="","",INDEX(Resultaten!$E$7:$N$66,$S75,10))) | P75: =IF(OR($S75="",COUNT($F75:$O75)=0),"",ROUND(IFERROR(LARGE($F75:$O75,1),0)*($R$5>=1)+IFERROR(LARGE($F75:$O75,2),0)*($R$5>=2)+IFERROR(LARGE($F75:$O75,3),0)*($R$5>=3)+IFERROR(LARGE($F75:$O75,4),0)*($R$5>=4)+IFERROR(LARGE($F75:$O75,5),0)*($R$5>=5)+IFERROR(LARGE($F75:$O75,6),0)*($R$5>=6)+IFERROR(LARGE($F75:$O75,7),0)*($R$5>=7)+IFERROR(LARGE($F75:$O75,8),0)*($R$5>=8)+IFERROR(LARGE($F75:$O75,9),0)*($R$5>=9)+IFERROR(LARGE($F75:$O75,10),0)*($R$5>=10),1)) | Q75: =IF(N($P75)=0,"",$P75/MIN($R$5,COUNT($F75:$O75))) | R75: =IFERROR(LARGE(Resultaten!$AC$7:$AC$66,35),"") | S75: =IF($R75="","",MATCH($R75,Resultaten!$AC$7:$AC$66,0))
E76: =IF($S75="","","Op 100 schutters") | F76: =IF($S75="","",INDEX(Resultaten!$O$7:$X$66,$S75,1)) | G76: =IF($S75="","",INDEX(Resultaten!$O$7:$X$66,$S75,2)) | H76: =IF($S75="","",INDEX(Resultaten!$O$7:$X$66,$S75,3)) | I76: =IF($S75="","",INDEX(Resultaten!$O$7:$X$66,$S75,4)) | J76: =IF($S75="","",INDEX(Resultaten!$O$7:$X$66,$S75,5)) | K76: =IF($S75="","",INDEX(Resultaten!$O$7:$X$66,$S75,6)) | L76: =IF($S75="","",INDEX(Resultaten!$O$7:$X$66,$S75,7)) | M76: =IF($S75="","",INDEX(Resultaten!$O$7:$X$66,$S75,8)) | N76: =IF($S75="","",INDEX(Resultaten!$O$7:$X$66,$S75,9)) | O76: =IF($S75="","",INDEX(Resultaten!$O$7:$X$66,$S75,10)) | P76: =IF($S75="","",INDEX(Resultaten!$Y$7:$Y$66,$S75)) | Q76: =IF($S75="","",INDEX(Resultaten!$Z$7:$Z$66,$S75)) | S76: =$S75
A77: =IF($S77="","",INDEX(Resultaten!$AA$7:$AA$66,$S77)) | B77: =IF($S77="","",INDEX(Resultaten!$B$7:$B$66,$S77)) | C77: =IF($S77="","",INDEX(Resultaten!$C$7:$C$66,$S77)) | D77: =IF($S77="","",INDEX(Resultaten!$D$7:$D$66,$S77)) | E77: =IF($S77="","","Geschoten") | F77: =IF($S77="","",IF(INDEX(Resultaten!$E$7:$N$66,$S77,1)="","",INDEX(Resultaten!$E$7:$N$66,$S77,1))) | G77: =IF($S77="","",IF(INDEX(Resultaten!$E$7:$N$66,$S77,2)="","",INDEX(Resultaten!$E$7:$N$66,$S77,2))) | H77: =IF($S77="","",IF(INDEX(Resultaten!$E$7:$N$66,$S77,3)="","",INDEX(Resultaten!$E$7:$N$66,$S77,3))) | I77: =IF($S77="","",IF(INDEX(Resultaten!$E$7:$N$66,$S77,4)="","",INDEX(Resultaten!$E$7:$N$66,$S77,4))) | J77: =IF($S77="","",IF(INDEX(Resultaten!$E$7:$N$66,$S77,5)="","",INDEX(Resultaten!$E$7:$N$66,$S77,5))) | K77: =IF($S77="","",IF(INDEX(Resultaten!$E$7:$N$66,$S77,6)="","",INDEX(Resultaten!$E$7:$N$66,$S77,6))) | L77: =IF($S77="","",IF(INDEX(Resultaten!$E$7:$N$66,$S77,7)="","",INDEX(Resultaten!$E$7:$N$66,$S77,7))) | M77: =IF($S77="","",IF(INDEX(Resultaten!$E$7:$N$66,$S77,8)="","",INDEX(Resultaten!$E$7:$N$66,$S77,8))) | N77: =IF($S77="","",IF(INDEX(Resultaten!$E$7:$N$66,$S77,9)="","",INDEX(Resultaten!$E$7:$N$66,$S77,9))) | O77: =IF($S77="","",IF(INDEX(Resultaten!$E$7:$N$66,$S77,10)="","",INDEX(Resultaten!$E$7:$N$66,$S77,10))) | P77: =IF(OR($S77="",COUNT($F77:$O77)=0),"",ROUND(IFERROR(LARGE($F77:$O77,1),0)*($R$5>=1)+IFERROR(LARGE($F77:$O77,2),0)*($R$5>=2)+IFERROR(LARGE($F77:$O77,3),0)*($R$5>=3)+IFERROR(LARGE($F77:$O77,4),0)*($R$5>=4)+IFERROR(LARGE($F77:$O77,5),0)*($R$5>=5)+IFERROR(LARGE($F77:$O77,6),0)*($R$5>=6)+IFERROR(LARGE($F77:$O77,7),0)*($R$5>=7)+IFERROR(LARGE($F77:$O77,8),0)*($R$5>=8)+IFERROR(LARGE($F77:$O77,9),0)*($R$5>=9)+IFERROR(LARGE($F77:$O77,10),0)*($R$5>=10),1)) | Q77: =IF(N($P77)=0,"",$P77/MIN($R$5,COUNT($F77:$O77))) | R77: =IFERROR(LARGE(Resultaten!$AC$7:$AC$66,36),"") | S77: =IF($R77="","",MATCH($R77,Resultaten!$AC$7:$AC$66,0))
E78: =IF($S77="","","Op 100 schutters") | F78: =IF($S77="","",INDEX(Resultaten!$O$7:$X$66,$S77,1)) | G78: =IF($S77="","",INDEX(Resultaten!$O$7:$X$66,$S77,2)) | H78: =IF($S77="","",INDEX(Resultaten!$O$7:$X$66,$S77,3)) | I78: =IF($S77="","",INDEX(Resultaten!$O$7:$X$66,$S77,4)) | J78: =IF($S77="","",INDEX(Resultaten!$O$7:$X$66,$S77,5)) | K78: =IF($S77="","",INDEX(Resultaten!$O$7:$X$66,$S77,6)) | L78: =IF($S77="","",INDEX(Resultaten!$O$7:$X$66,$S77,7)) | M78: =IF($S77="","",INDEX(Resultaten!$O$7:$X$66,$S77,8)) | N78: =IF($S77="","",INDEX(Resultaten!$O$7:$X$66,$S77,9)) | O78: =IF($S77="","",INDEX(Resultaten!$O$7:$X$66,$S77,10)) | P78: =IF($S77="","",INDEX(Resultaten!$Y$7:$Y$66,$S77)) | Q78: =IF($S77="","",INDEX(Resultaten!$Z$7:$Z$66,$S77)) | S78: =$S77
A79: =IF($S79="","",INDEX(Resultaten!$AA$7:$AA$66,$S79)) | B79: =IF($S79="","",INDEX(Resultaten!$B$7:$B$66,$S79)) | C79: =IF($S79="","",INDEX(Resultaten!$C$7:$C$66,$S79)) | D79: =IF($S79="","",INDEX(Resultaten!$D$7:$D$66,$S79)) | E79: =IF($S79="","","Geschoten") | F79: =IF($S79="","",IF(INDEX(Resultaten!$E$7:$N$66,$S79,1)="","",INDEX(Resultaten!$E$7:$N$66,$S79,1))) | G79: =IF($S79="","",IF(INDEX(Resultaten!$E$7:$N$66,$S79,2)="","",INDEX(Resultaten!$E$7:$N$66,$S79,2))) | H79: =IF($S79="","",IF(INDEX(Resultaten!$E$7:$N$66,$S79,3)="","",INDEX(Resultaten!$E$7:$N$66,$S79,3))) | I79: =IF($S79="","",IF(INDEX(Resultaten!$E$7:$N$66,$S79,4)="","",INDEX(Resultaten!$E$7:$N$66,$S79,4))) | J79: =IF($S79="","",IF(INDEX(Resultaten!$E$7:$N$66,$S79,5)="","",INDEX(Resultaten!$E$7:$N$66,$S79,5))) | K79: =IF($S79="","",IF(INDEX(Resultaten!$E$7:$N$66,$S79,6)="","",INDEX(Resultaten!$E$7:$N$66,$S79,6))) | L79: =IF($S79="","",IF(INDEX(Resultaten!$E$7:$N$66,$S79,7)="","",INDEX(Resultaten!$E$7:$N$66,$S79,7))) | M79: =IF($S79="","",IF(INDEX(Resultaten!$E$7:$N$66,$S79,8)="","",INDEX(Resultaten!$E$7:$N$66,$S79,8))) | N79: =IF($S79="","",IF(INDEX(Resultaten!$E$7:$N$66,$S79,9)="","",INDEX(Resultaten!$E$7:$N$66,$S79,9))) | O79: =IF($S79="","",IF(INDEX(Resultaten!$E$7:$N$66,$S79,10)="","",INDEX(Resultaten!$E$7:$N$66,$S79,10))) | P79: =IF(OR($S79="",COUNT($F79:$O79)=0),"",ROUND(IFERROR(LARGE($F79:$O79,1),0)*($R$5>=1)+IFERROR(LARGE($F79:$O79,2),0)*($R$5>=2)+IFERROR(LARGE($F79:$O79,3),0)*($R$5>=3)+IFERROR(LARGE($F79:$O79,4),0)*($R$5>=4)+IFERROR(LARGE($F79:$O79,5),0)*($R$5>=5)+IFERROR(LARGE($F79:$O79,6),0)*($R$5>=6)+IFERROR(LARGE($F79:$O79,7),0)*($R$5>=7)+IFERROR(LARGE($F79:$O79,8),0)*($R$5>=8)+IFERROR(LARGE($F79:$O79,9),0)*($R$5>=9)+IFERROR(LARGE($F79:$O79,10),0)*($R$5>=10),1)) | Q79: =IF(N($P79)=0,"",$P79/MIN($R$5,COUNT($F79:$O79))) | R79: =IFERROR(LARGE(Resultaten!$AC$7:$AC$66,37),"") | S79: =IF($R79="","",MATCH($R79,Resultaten!$AC$7:$AC$66,0))
E80: =IF($S79="","","Op 100 schutters") | F80: =IF($S79="","",INDEX(Resultaten!$O$7:$X$66,$S79,1)) | G80: =IF($S79="","",INDEX(Resultaten!$O$7:$X$66,$S79,2)) | H80: =IF($S79="","",INDEX(Resultaten!$O$7:$X$66,$S79,3)) | I80: =IF($S79="","",INDEX(Resultaten!$O$7:$X$66,$S79,4)) | J80: =IF($S79="","",INDEX(Resultaten!$O$7:$X$66,$S79,5)) | K80: =IF($S79="","",INDEX(Resultaten!$O$7:$X$66,$S79,6)) | L80: =IF($S79="","",INDEX(Resultaten!$O$7:$X$66,$S79,7)) | M80: =IF($S79="","",INDEX(Resultaten!$O$7:$X$66,$S79,8)) | N80: =IF($S79="","",INDEX(Resultaten!$O$7:$X$66,$S79,9)) | O80: =IF($S79="","",INDEX(Resultaten!$O$7:$X$66,$S79,10)) | P80: =IF($S79="","",INDEX(Resultaten!$Y$7:$Y$66,$S79)) | Q80: =IF($S79="","",INDEX(Resultaten!$Z$7:$Z$66,$S79)) | S80: =$S79
A81: =IF($S81="","",INDEX(Resultaten!$AA$7:$AA$66,$S81)) | B81: =IF($S81="","",INDEX(Resultaten!$B$7:$B$66,$S81)) | C81: =IF($S81="","",INDEX(Resultaten!$C$7:$C$66,$S81)) | D81: =IF($S81="","",INDEX(Resultaten!$D$7:$D$66,$S81)) | E81: =IF($S81="","","Geschoten") | F81: =IF($S81="","",IF(INDEX(Resultaten!$E$7:$N$66,$S81,1)="","",INDEX(Resultaten!$E$7:$N$66,$S81,1))) | G81: =IF($S81="","",IF(INDEX(Resultaten!$E$7:$N$66,$S81,2)="","",INDEX(Resultaten!$E$7:$N$66,$S81,2))) | H81: =IF($S81="","",IF(INDEX(Resultaten!$E$7:$N$66,$S81,3)="","",INDEX(Resultaten!$E$7:$N$66,$S81,3))) | I81: =IF($S81="","",IF(INDEX(Resultaten!$E$7:$N$66,$S81,4)="","",INDEX(Resultaten!$E$7:$N$66,$S81,4))) | J81: =IF($S81="","",IF(INDEX(Resultaten!$E$7:$N$66,$S81,5)="","",INDEX(Resultaten!$E$7:$N$66,$S81,5))) | K81: =IF($S81="","",IF(INDEX(Resultaten!$E$7:$N$66,$S81,6)="","",INDEX(Resultaten!$E$7:$N$66,$S81,6))) | L81: =IF($S81="","",IF(INDEX(Resultaten!$E$7:$N$66,$S81,7)="","",INDEX(Resultaten!$E$7:$N$66,$S81,7))) | M81: =IF($S81="","",IF(INDEX(Resultaten!$E$7:$N$66,$S81,8)="","",INDEX(Resultaten!$E$7:$N$66,$S81,8))) | N81: =IF($S81="","",IF(INDEX(Resultaten!$E$7:$N$66,$S81,9)="","",INDEX(Resultaten!$E$7:$N$66,$S81,9))) | O81: =IF($S81="","",IF(INDEX(Resultaten!$E$7:$N$66,$S81,10)="","",INDEX(Resultaten!$E$7:$N$66,$S81,10))) | P81: =IF(OR($S81="",COUNT($F81:$O81)=0),"",ROUND(IFERROR(LARGE($F81:$O81,1),0)*($R$5>=1)+IFERROR(LARGE($F81:$O81,2),0)*($R$5>=2)+IFERROR(LARGE($F81:$O81,3),0)*($R$5>=3)+IFERROR(LARGE($F81:$O81,4),0)*($R$5>=4)+IFERROR(LARGE($F81:$O81,5),0)*($R$5>=5)+IFERROR(LARGE($F81:$O81,6),0)*($R$5>=6)+IFERROR(LARGE($F81:$O81,7),0)*($R$5>=7)+IFERROR(LARGE($F81:$O81,8),0)*($R$5>=8)+IFERROR(LARGE($F81:$O81,9),0)*($R$5>=9)+IFERROR(LARGE($F81:$O81,10),0)*($R$5>=10),1)) | Q81: =IF(N($P81)=0,"",$P81/MIN($R$5,COUNT($F81:$O81))) | R81: =IFERROR(LARGE(Resultaten!$AC$7:$AC$66,38),"") | S81: =IF($R81="","",MATCH($R81,Resultaten!$AC$7:$AC$66,0))
E82: =IF($S81="","","Op 100 schutters") | F82: =IF($S81="","",INDEX(Resultaten!$O$7:$X$66,$S81,1)) | G82: =IF($S81="","",INDEX(Resultaten!$O$7:$X$66,$S81,2)) | H82: =IF($S81="","",INDEX(Resultaten!$O$7:$X$66,$S81,3)) | I82: =IF($S81="","",INDEX(Resultaten!$O$7:$X$66,$S81,4)) | J82: =IF($S81="","",INDEX(Resultaten!$O$7:$X$66,$S81,5)) | K82: =IF($S81="","",INDEX(Resultaten!$O$7:$X$66,$S81,6)) | L82: =IF($S81="","",INDEX(Resultaten!$O$7:$X$66,$S81,7)) | M82: =IF($S81="","",INDEX(Resultaten!$O$7:$X$66,$S81,8)) | N82: =IF($S81="","",INDEX(Resultaten!$O$7:$X$66,$S81,9)) | O82: =IF($S81="","",INDEX(Resultaten!$O$7:$X$66,$S81,10)) | P82: =IF($S81="","",INDEX(Resultaten!$Y$7:$Y$66,$S81)) | Q82: =IF($S81="","",INDEX(Resultaten!$Z$7:$Z$66,$S81)) | S82: =$S81
A83: =IF($S83="","",INDEX(Resultaten!$AA$7:$AA$66,$S83)) | B83: =IF($S83="","",INDEX(Resultaten!$B$7:$B$66,$S83)) | C83: =IF($S83="","",INDEX(Resultaten!$C$7:$C$66,$S83)) | D83: =IF($S83="","",INDEX(Resultaten!$D$7:$D$66,$S83)) | E83: =IF($S83="","","Geschoten") | F83: =IF($S83="","",IF(INDEX(Resultaten!$E$7:$N$66,$S83,1)="","",INDEX(Resultaten!$E$7:$N$66,$S83,1))) | G83: =IF($S83="","",IF(INDEX(Resultaten!$E$7:$N$66,$S83,2)="","",INDEX(Resultaten!$E$7:$N$66,$S83,2))) | H83: =IF($S83="","",IF(INDEX(Resultaten!$E$7:$N$66,$S83,3)="","",INDEX(Resultaten!$E$7:$N$66,$S83,3))) | I83: =IF($S83="","",IF(INDEX(Resultaten!$E$7:$N$66,$S83,4)="","",INDEX(Resultaten!$E$7:$N$66,$S83,4))) | J83: =IF($S83="","",IF(INDEX(Resultaten!$E$7:$N$66,$S83,5)="","",INDEX(Resultaten!$E$7:$N$66,$S83,5))) | K83: =IF($S83="","",IF(INDEX(Resultaten!$E$7:$N$66,$S83,6)="","",INDEX(Resultaten!$E$7:$N$66,$S83,6))) | L83: =IF($S83="","",IF(INDEX(Resultaten!$E$7:$N$66,$S83,7)="","",INDEX(Resultaten!$E$7:$N$66,$S83,7))) | M83: =IF($S83="","",IF(INDEX(Resultaten!$E$7:$N$66,$S83,8)="","",INDEX(Resultaten!$E$7:$N$66,$S83,8))) | N83: =IF($S83="","",IF(INDEX(Resultaten!$E$7:$N$66,$S83,9)="","",INDEX(Resultaten!$E$7:$N$66,$S83,9))) | O83: =IF($S83="","",IF(INDEX(Resultaten!$E$7:$N$66,$S83,10)="","",INDEX(Resultaten!$E$7:$N$66,$S83,10))) | P83: =IF(OR($S83="",COUNT($F83:$O83)=0),"",ROUND(IFERROR(LARGE($F83:$O83,1),0)*($R$5>=1)+IFERROR(LARGE($F83:$O83,2),0)*($R$5>=2)+IFERROR(LARGE($F83:$O83,3),0)*($R$5>=3)+IFERROR(LARGE($F83:$O83,4),0)*($R$5>=4)+IFERROR(LARGE($F83:$O83,5),0)*($R$5>=5)+IFERROR(LARGE($F83:$O83,6),0)*($R$5>=6)+IFERROR(LARGE($F83:$O83,7),0)*($R$5>=7)+IFERROR(LARGE($F83:$O83,8),0)*($R$5>=8)+IFERROR(LARGE($F83:$O83,9),0)*($R$5>=9)+IFERROR(LARGE($F83:$O83,10),0)*($R$5>=10),1)) | Q83: =IF(N($P83)=0,"",$P83/MIN($R$5,COUNT($F83:$O83))) | R83: =IFERROR(LARGE(Resultaten!$AC$7:$AC$66,39),"") | S83: =IF($R83="","",MATCH($R83,Resultaten!$AC$7:$AC$66,0))
E84: =IF($S83="","","Op 100 schutters") | F84: =IF($S83="","",INDEX(Resultaten!$O$7:$X$66,$S83,1)) | G84: =IF($S83="","",INDEX(Resultaten!$O$7:$X$66,$S83,2)) | H84: =IF($S83="","",INDEX(Resultaten!$O$7:$X$66,$S83,3)) | I84: =IF($S83="","",INDEX(Resultaten!$O$7:$X$66,$S83,4)) | J84: =IF($S83="","",INDEX(Resultaten!$O$7:$X$66,$S83,5)) | K84: =IF($S83="","",INDEX(Resultaten!$O$7:$X$66,$S83,6)) | L84: =IF($S83="","",INDEX(Resultaten!$O$7:$X$66,$S83,7)) | M84: =IF($S83="","",INDEX(Resultaten!$O$7:$X$66,$S83,8)) | N84: =IF($S83="","",INDEX(Resultaten!$O$7:$X$66,$S83,9)) | O84: =IF($S83="","",INDEX(Resultaten!$O$7:$X$66,$S83,10)) | P84: =IF($S83="","",INDEX(Resultaten!$Y$7:$Y$66,$S83)) | Q84: =IF($S83="","",INDEX(Resultaten!$Z$7:$Z$66,$S83)) | S84: =$S83
A85: =IF($S85="","",INDEX(Resultaten!$AA$7:$AA$66,$S85)) | B85: =IF($S85="","",INDEX(Resultaten!$B$7:$B$66,$S85)) | C85: =IF($S85="","",INDEX(Resultaten!$C$7:$C$66,$S85)) | D85: =IF($S85="","",INDEX(Resultaten!$D$7:$D$66,$S85)) | E85: =IF($S85="","","Geschoten") | F85: =IF($S85="","",IF(INDEX(Resultaten!$E$7:$N$66,$S85,1)="","",INDEX(Resultaten!$E$7:$N$66,$S85,1))) | G85: =IF($S85="","",IF(INDEX(Resultaten!$E$7:$N$66,$S85,2)="","",INDEX(Resultaten!$E$7:$N$66,$S85,2))) | H85: =IF($S85="","",IF(INDEX(Resultaten!$E$7:$N$66,$S85,3)="","",INDEX(Resultaten!$E$7:$N$66,$S85,3))) | I85: =IF($S85="","",IF(INDEX(Resultaten!$E$7:$N$66,$S85,4)="","",INDEX(Resultaten!$E$7:$N$66,$S85,4))) | J85: =IF($S85="","",IF(INDEX(Resultaten!$E$7:$N$66,$S85,5)="","",INDEX(Resultaten!$E$7:$N$66,$S85,5))) | K85: =IF($S85="","",IF(INDEX(Resultaten!$E$7:$N$66,$S85,6)="","",INDEX(Resultaten!$E$7:$N$66,$S85,6))) | L85: =IF($S85="","",IF(INDEX(Resultaten!$E$7:$N$66,$S85,7)="","",INDEX(Resultaten!$E$7:$N$66,$S85,7))) | M85: =IF($S85="","",IF(INDEX(Resultaten!$E$7:$N$66,$S85,8)="","",INDEX(Resultaten!$E$7:$N$66,$S85,8))) | N85: =IF($S85="","",IF(INDEX(Resultaten!$E$7:$N$66,$S85,9)="","",INDEX(Resultaten!$E$7:$N$66,$S85,9))) | O85: =IF($S85="","",IF(INDEX(Resultaten!$E$7:$N$66,$S85,10)="","",INDEX(Resultaten!$E$7:$N$66,$S85,10))) | P85: =IF(OR($S85="",COUNT($F85:$O85)=0),"",ROUND(IFERROR(LARGE($F85:$O85,1),0)*($R$5>=1)+IFERROR(LARGE($F85:$O85,2),0)*($R$5>=2)+IFERROR(LARGE($F85:$O85,3),0)*($R$5>=3)+IFERROR(LARGE($F85:$O85,4),0)*($R$5>=4)+IFERROR(LARGE($F85:$O85,5),0)*($R$5>=5)+IFERROR(LARGE($F85:$O85,6),0)*($R$5>=6)+IFERROR(LARGE($F85:$O85,7),0)*($R$5>=7)+IFERROR(LARGE($F85:$O85,8),0)*($R$5>=8)+IFERROR(LARGE($F85:$O85,9),0)*($R$5>=9)+IFERROR(LARGE($F85:$O85,10),0)*($R$5>=10),1)) | Q85: =IF(N($P85)=0,"",$P85/MIN($R$5,COUNT($F85:$O85))) | R85: =IFERROR(LARGE(Resultaten!$AC$7:$AC$66,40),"") | S85: =IF($R85="","",MATCH($R85,Resultaten!$AC$7:$AC$66,0))
E86: =IF($S85="","","Op 100 schutters") | F86: =IF($S85="","",INDEX(Resultaten!$O$7:$X$66,$S85,1)) | G86: =IF($S85="","",INDEX(Resultaten!$O$7:$X$66,$S85,2)) | H86: =IF($S85="","",INDEX(Resultaten!$O$7:$X$66,$S85,3)) | I86: =IF($S85="","",INDEX(Resultaten!$O$7:$X$66,$S85,4)) | J86: =IF($S85="","",INDEX(Resultaten!$O$7:$X$66,$S85,5)) | K86: =IF($S85="","",INDEX(Resultaten!$O$7:$X$66,$S85,6)) | L86: =IF($S85="","",INDEX(Resultaten!$O$7:$X$66,$S85,7)) | M86: =IF($S85="","",INDEX(Resultaten!$O$7:$X$66,$S85,8)) | N86: =IF($S85="","",INDEX(Resultaten!$O$7:$X$66,$S85,9)) | O86: =IF($S85="","",INDEX(Resultaten!$O$7:$X$66,$S85,10)) | P86: =IF($S85="","",INDEX(Resultaten!$Y$7:$Y$66,$S85)) | Q86: =IF($S85="","",INDEX(Resultaten!$Z$7:$Z$66,$S85)) | S86: =$S85
A87: =IF($S87="","",INDEX(Resultaten!$AA$7:$AA$66,$S87)) | B87: =IF($S87="","",INDEX(Resultaten!$B$7:$B$66,$S87)) | C87: =IF($S87="","",INDEX(Resultaten!$C$7:$C$66,$S87)) | D87: =IF($S87="","",INDEX(Resultaten!$D$7:$D$66,$S87)) | E87: =IF($S87="","","Geschoten") | F87: =IF($S87="","",IF(INDEX(Resultaten!$E$7:$N$66,$S87,1)="","",INDEX(Resultaten!$E$7:$N$66,$S87,1))) | G87: =IF($S87="","",IF(INDEX(Resultaten!$E$7:$N$66,$S87,2)="","",INDEX(Resultaten!$E$7:$N$66,$S87,2))) | H87: =IF($S87="","",IF(INDEX(Resultaten!$E$7:$N$66,$S87,3)="","",INDEX(Resultaten!$E$7:$N$66,$S87,3))) | I87: =IF($S87="","",IF(INDEX(Resultaten!$E$7:$N$66,$S87,4)="","",INDEX(Resultaten!$E$7:$N$66,$S87,4))) | J87: =IF($S87="","",IF(INDEX(Resultaten!$E$7:$N$66,$S87,5)="","",INDEX(Resultaten!$E$7:$N$66,$S87,5))) | K87: =IF($S87="","",IF(INDEX(Resultaten!$E$7:$N$66,$S87,6)="","",INDEX(Resultaten!$E$7:$N$66,$S87,6))) | L87: =IF($S87="","",IF(INDEX(Resultaten!$E$7:$N$66,$S87,7)="","",INDEX(Resultaten!$E$7:$N$66,$S87,7))) | M87: =IF($S87="","",IF(INDEX(Resultaten!$E$7:$N$66,$S87,8)="","",INDEX(Resultaten!$E$7:$N$66,$S87,8))) | N87: =IF($S87="","",IF(INDEX(Resultaten!$E$7:$N$66,$S87,9)="","",INDEX(Resultaten!$E$7:$N$66,$S87,9))) | O87: =IF($S87="","",IF(INDEX(Resultaten!$E$7:$N$66,$S87,10)="","",INDEX(Resultaten!$E$7:$N$66,$S87,10))) | P87: =IF(OR($S87="",COUNT($F87:$O87)=0),"",ROUND(IFERROR(LARGE($F87:$O87,1),0)*($R$5>=1)+IFERROR(LARGE($F87:$O87,2),0)*($R$5>=2)+IFERROR(LARGE($F87:$O87,3),0)*($R$5>=3)+IFERROR(LARGE($F87:$O87,4),0)*($R$5>=4)+IFERROR(LARGE($F87:$O87,5),0)*($R$5>=5)+IFERROR(LARGE($F87:$O87,6),0)*($R$5>=6)+IFERROR(LARGE($F87:$O87,7),0)*($R$5>=7)+IFERROR(LARGE($F87:$O87,8),0)*($R$5>=8)+IFERROR(LARGE($F87:$O87,9),0)*($R$5>=9)+IFERROR(LARGE($F87:$O87,10),0)*($R$5>=10),1)) | Q87: =IF(N($P87)=0,"",$P87/MIN($R$5,COUNT($F87:$O87))) | R87: =IFERROR(LARGE(Resultaten!$AC$7:$AC$66,41),"") | S87: =IF($R87="","",MATCH($R87,Resultaten!$AC$7:$AC$66,0))
E88: =IF($S87="","","Op 100 schutters") | F88: =IF($S87="","",INDEX(Resultaten!$O$7:$X$66,$S87,1)) | G88: =IF($S87="","",INDEX(Resultaten!$O$7:$X$66,$S87,2)) | H88: =IF($S87="","",INDEX(Resultaten!$O$7:$X$66,$S87,3)) | I88: =IF($S87="","",INDEX(Resultaten!$O$7:$X$66,$S87,4)) | J88: =IF($S87="","",INDEX(Resultaten!$O$7:$X$66,$S87,5)) | K88: =IF($S87="","",INDEX(Resultaten!$O$7:$X$66,$S87,6)) | L88: =IF($S87="","",INDEX(Resultaten!$O$7:$X$66,$S87,7)) | M88: =IF($S87="","",INDEX(Resultaten!$O$7:$X$66,$S87,8)) | N88: =IF($S87="","",INDEX(Resultaten!$O$7:$X$66,$S87,9)) | O88: =IF($S87="","",INDEX(Resultaten!$O$7:$X$66,$S87,10)) | P88: =IF($S87="","",INDEX(Resultaten!$Y$7:$Y$66,$S87)) | Q88: =IF($S87="","",INDEX(Resultaten!$Z$7:$Z$66,$S87)) | S88: =$S87
A89: =IF($S89="","",INDEX(Resultaten!$AA$7:$AA$66,$S89)) | B89: =IF($S89="","",INDEX(Resultaten!$B$7:$B$66,$S89)) | C89: =IF($S89="","",INDEX(Resultaten!$C$7:$C$66,$S89)) | D89: =IF($S89="","",INDEX(Resultaten!$D$7:$D$66,$S89)) | E89: =IF($S89="","","Geschoten") | F89: =IF($S89="","",IF(INDEX(Resultaten!$E$7:$N$66,$S89,1)="","",INDEX(Resultaten!$E$7:$N$66,$S89,1))) | G89: =IF($S89="","",IF(INDEX(Resultaten!$E$7:$N$66,$S89,2)="","",INDEX(Resultaten!$E$7:$N$66,$S89,2))) | H89: =IF($S89="","",IF(INDEX(Resultaten!$E$7:$N$66,$S89,3)="","",INDEX(Resultaten!$E$7:$N$66,$S89,3))) | I89: =IF($S89="","",IF(INDEX(Resultaten!$E$7:$N$66,$S89,4)="","",INDEX(Resultaten!$E$7:$N$66,$S89,4))) | J89: =IF($S89="","",IF(INDEX(Resultaten!$E$7:$N$66,$S89,5)="","",INDEX(Resultaten!$E$7:$N$66,$S89,5))) | K89: =IF($S89="","",IF(INDEX(Resultaten!$E$7:$N$66,$S89,6)="","",INDEX(Resultaten!$E$7:$N$66,$S89,6))) | L89: =IF($S89="","",IF(INDEX(Resultaten!$E$7:$N$66,$S89,7)="","",INDEX(Resultaten!$E$7:$N$66,$S89,7))) | M89: =IF($S89="","",IF(INDEX(Resultaten!$E$7:$N$66,$S89,8)="","",INDEX(Resultaten!$E$7:$N$66,$S89,8))) | N89: =IF($S89="","",IF(INDEX(Resultaten!$E$7:$N$66,$S89,9)="","",INDEX(Resultaten!$E$7:$N$66,$S89,9))) | O89: =IF($S89="","",IF(INDEX(Resultaten!$E$7:$N$66,$S89,10)="","",INDEX(Resultaten!$E$7:$N$66,$S89,10))) | P89: =IF(OR($S89="",COUNT($F89:$O89)=0),"",ROUND(IFERROR(LARGE($F89:$O89,1),0)*($R$5>=1)+IFERROR(LARGE($F89:$O89,2),0)*($R$5>=2)+IFERROR(LARGE($F89:$O89,3),0)*($R$5>=3)+IFERROR(LARGE($F89:$O89,4),0)*($R$5>=4)+IFERROR(LARGE($F89:$O89,5),0)*($R$5>=5)+IFERROR(LARGE($F89:$O89,6),0)*($R$5>=6)+IFERROR(LARGE($F89:$O89,7),0)*($R$5>=7)+IFERROR(LARGE($F89:$O89,8),0)*($R$5>=8)+IFERROR(LARGE($F89:$O89,9),0)*($R$5>=9)+IFERROR(LARGE($F89:$O89,10),0)*($R$5>=10),1)) | Q89: =IF(N($P89)=0,"",$P89/MIN($R$5,COUNT($F89:$O89))) | R89: =IFERROR(LARGE(Resultaten!$AC$7:$AC$66,42),"") | S89: =IF($R89="","",MATCH($R89,Resultaten!$AC$7:$AC$66,0))
E90: =IF($S89="","","Op 100 schutters") | F90: =IF($S89="","",INDEX(Resultaten!$O$7:$X$66,$S89,1)) | G90: =IF($S89="","",INDEX(Resultaten!$O$7:$X$66,$S89,2)) | H90: =IF($S89="","",INDEX(Resultaten!$O$7:$X$66,$S89,3)) | I90: =IF($S89="","",INDEX(Resultaten!$O$7:$X$66,$S89,4)) | J90: =IF($S89="","",INDEX(Resultaten!$O$7:$X$66,$S89,5)) | K90: =IF($S89="","",INDEX(Resultaten!$O$7:$X$66,$S89,6)) | L90: =IF($S89="","",INDEX(Resultaten!$O$7:$X$66,$S89,7)) | M90: =IF($S89="","",INDEX(Resultaten!$O$7:$X$66,$S89,8)) | N90: =IF($S89="","",INDEX(Resultaten!$O$7:$X$66,$S89,9)) | O90: =IF($S89="","",INDEX(Resultaten!$O$7:$X$66,$S89,10)) | P90: =IF($S89="","",INDEX(Resultaten!$Y$7:$Y$66,$S89)) | Q90: =IF($S89="","",INDEX(Resultaten!$Z$7:$Z$66,$S89)) | S90: =$S89
A91: =IF($S91="","",INDEX(Resultaten!$AA$7:$AA$66,$S91)) | B91: =IF($S91="","",INDEX(Resultaten!$B$7:$B$66,$S91)) | C91: =IF($S91="","",INDEX(Resultaten!$C$7:$C$66,$S91)) | D91: =IF($S91="","",INDEX(Resultaten!$D$7:$D$66,$S91)) | E91: =IF($S91="","","Geschoten") | F91: =IF($S91="","",IF(INDEX(Resultaten!$E$7:$N$66,$S91,1)="","",INDEX(Resultaten!$E$7:$N$66,$S91,1))) | G91: =IF($S91="","",IF(INDEX(Resultaten!$E$7:$N$66,$S91,2)="","",INDEX(Resultaten!$E$7:$N$66,$S91,2))) | H91: =IF($S91="","",IF(INDEX(Resultaten!$E$7:$N$66,$S91,3)="","",INDEX(Resultaten!$E$7:$N$66,$S91,3))) | I91: =IF($S91="","",IF(INDEX(Resultaten!$E$7:$N$66,$S91,4)="","",INDEX(Resultaten!$E$7:$N$66,$S91,4))) | J91: =IF($S91="","",IF(INDEX(Resultaten!$E$7:$N$66,$S91,5)="","",INDEX(Resultaten!$E$7:$N$66,$S91,5))) | K91: =IF($S91="","",IF(INDEX(Resultaten!$E$7:$N$66,$S91,6)="","",INDEX(Resultaten!$E$7:$N$66,$S91,6))) | L91: =IF($S91="","",IF(INDEX(Resultaten!$E$7:$N$66,$S91,7)="","",INDEX(Resultaten!$E$7:$N$66,$S91,7))) | M91: =IF($S91="","",IF(INDEX(Resultaten!$E$7:$N$66,$S91,8)="","",INDEX(Resultaten!$E$7:$N$66,$S91,8))) | N91: =IF($S91="","",IF(INDEX(Resultaten!$E$7:$N$66,$S91,9)="","",INDEX(Resultaten!$E$7:$N$66,$S91,9))) | O91: =IF($S91="","",IF(INDEX(Resultaten!$E$7:$N$66,$S91,10)="","",INDEX(Resultaten!$E$7:$N$66,$S91,10))) | P91: =IF(OR($S91="",COUNT($F91:$O91)=0),"",ROUND(IFERROR(LARGE($F91:$O91,1),0)*($R$5>=1)+IFERROR(LARGE($F91:$O91,2),0)*($R$5>=2)+IFERROR(LARGE($F91:$O91,3),0)*($R$5>=3)+IFERROR(LARGE($F91:$O91,4),0)*($R$5>=4)+IFERROR(LARGE($F91:$O91,5),0)*($R$5>=5)+IFERROR(LARGE($F91:$O91,6),0)*($R$5>=6)+IFERROR(LARGE($F91:$O91,7),0)*($R$5>=7)+IFERROR(LARGE($F91:$O91,8),0)*($R$5>=8)+IFERROR(LARGE($F91:$O91,9),0)*($R$5>=9)+IFERROR(LARGE($F91:$O91,10),0)*($R$5>=10),1)) | Q91: =IF(N($P91)=0,"",$P91/MIN($R$5,COUNT($F91:$O91))) | R91: =IFERROR(LARGE(Resultaten!$AC$7:$AC$66,43),"") | S91: =IF($R91="","",MATCH($R91,Resultaten!$AC$7:$AC$66,0))
E92: =IF($S91="","","Op 100 schutters") | F92: =IF($S91="","",INDEX(Resultaten!$O$7:$X$66,$S91,1)) | G92: =IF($S91="","",INDEX(Resultaten!$O$7:$X$66,$S91,2)) | H92: =IF($S91="","",INDEX(Resultaten!$O$7:$X$66,$S91,3)) | I92: =IF($S91="","",INDEX(Resultaten!$O$7:$X$66,$S91,4)) | J92: =IF($S91="","",INDEX(Resultaten!$O$7:$X$66,$S91,5)) | K92: =IF($S91="","",INDEX(Resultaten!$O$7:$X$66,$S91,6)) | L92: =IF($S91="","",INDEX(Resultaten!$O$7:$X$66,$S91,7)) | M92: =IF($S91="","",INDEX(Resultaten!$O$7:$X$66,$S91,8)) | N92: =IF($S91="","",INDEX(Resultaten!$O$7:$X$66,$S91,9)) | O92: =IF($S91="","",INDEX(Resultaten!$O$7:$X$66,$S91,10)) | P92: =IF($S91="","",INDEX(Resultaten!$Y$7:$Y$66,$S91)) | Q92: =IF($S91="","",INDEX(Resultaten!$Z$7:$Z$66,$S91)) | S92: =$S91
A93: =IF($S93="","",INDEX(Resultaten!$AA$7:$AA$66,$S93)) | B93: =IF($S93="","",INDEX(Resultaten!$B$7:$B$66,$S93)) | C93: =IF($S93="","",INDEX(Resultaten!$C$7:$C$66,$S93)) | D93: =IF($S93="","",INDEX(Resultaten!$D$7:$D$66,$S93)) | E93: =IF($S93="","","Geschoten") | F93: =IF($S93="","",IF(INDEX(Resultaten!$E$7:$N$66,$S93,1)="","",INDEX(Resultaten!$E$7:$N$66,$S93,1))) | G93: =IF($S93="","",IF(INDEX(Resultaten!$E$7:$N$66,$S93,2)="","",INDEX(Resultaten!$E$7:$N$66,$S93,2))) | H93: =IF($S93="","",IF(INDEX(Resultaten!$E$7:$N$66,$S93,3)="","",INDEX(Resultaten!$E$7:$N$66,$S93,3))) | I93: =IF($S93="","",IF(INDEX(Resultaten!$E$7:$N$66,$S93,4)="","",INDEX(Resultaten!$E$7:$N$66,$S93,4))) | J93: =IF($S93="","",IF(INDEX(Resultaten!$E$7:$N$66,$S93,5)="","",INDEX(Resultaten!$E$7:$N$66,$S93,5))) | K93: =IF($S93="","",IF(INDEX(Resultaten!$E$7:$N$66,$S93,6)="","",INDEX(Resultaten!$E$7:$N$66,$S93,6))) | L93: =IF($S93="","",IF(INDEX(Resultaten!$E$7:$N$66,$S93,7)="","",INDEX(Resultaten!$E$7:$N$66,$S93,7))) | M93: =IF($S93="","",IF(INDEX(Resultaten!$E$7:$N$66,$S93,8)="","",INDEX(Resultaten!$E$7:$N$66,$S93,8))) | N93: =IF($S93="","",IF(INDEX(Resultaten!$E$7:$N$66,$S93,9)="","",INDEX(Resultaten!$E$7:$N$66,$S93,9))) | O93: =IF($S93="","",IF(INDEX(Resultaten!$E$7:$N$66,$S93,10)="","",INDEX(Resultaten!$E$7:$N$66,$S93,10))) | P93: =IF(OR($S93="",COUNT($F93:$O93)=0),"",ROUND(IFERROR(LARGE($F93:$O93,1),0)*($R$5>=1)+IFERROR(LARGE($F93:$O93,2),0)*($R$5>=2)+IFERROR(LARGE($F93:$O93,3),0)*($R$5>=3)+IFERROR(LARGE($F93:$O93,4),0)*($R$5>=4)+IFERROR(LARGE($F93:$O93,5),0)*($R$5>=5)+IFERROR(LARGE($F93:$O93,6),0)*($R$5>=6)+IFERROR(LARGE($F93:$O93,7),0)*($R$5>=7)+IFERROR(LARGE($F93:$O93,8),0)*($R$5>=8)+IFERROR(LARGE($F93:$O93,9),0)*($R$5>=9)+IFERROR(LARGE($F93:$O93,10),0)*($R$5>=10),1)) | Q93: =IF(N($P93)=0,"",$P93/MIN($R$5,COUNT($F93:$O93))) | R93: =IFERROR(LARGE(Resultaten!$AC$7:$AC$66,44),"") | S93: =IF($R93="","",MATCH($R93,Resultaten!$AC$7:$AC$66,0))
E94: =IF($S93="","","Op 100 schutters") | F94: =IF($S93="","",INDEX(Resultaten!$O$7:$X$66,$S93,1)) | G94: =IF($S93="","",INDEX(Resultaten!$O$7:$X$66,$S93,2)) | H94: =IF($S93="","",INDEX(Resultaten!$O$7:$X$66,$S93,3)) | I94: =IF($S93="","",INDEX(Resultaten!$O$7:$X$66,$S93,4)) | J94: =IF($S93="","",INDEX(Resultaten!$O$7:$X$66,$S93,5)) | K94: =IF($S93="","",INDEX(Resultaten!$O$7:$X$66,$S93,6)) | L94: =IF($S93="","",INDEX(Resultaten!$O$7:$X$66,$S93,7)) | M94: =IF($S93="","",INDEX(Resultaten!$O$7:$X$66,$S93,8)) | N94: =IF($S93="","",INDEX(Resultaten!$O$7:$X$66,$S93,9)) | O94: =IF($S93="","",INDEX(Resultaten!$O$7:$X$66,$S93,10)) | P94: =IF($S93="","",INDEX(Resultaten!$Y$7:$Y$66,$S93)) | Q94: =IF($S93="","",INDEX(Resultaten!$Z$7:$Z$66,$S93)) | S94: =$S93
A95: =IF($S95="","",INDEX(Resultaten!$AA$7:$AA$66,$S95)) | B95: =IF($S95="","",INDEX(Resultaten!$B$7:$B$66,$S95)) | C95: =IF($S95="","",INDEX(Resultaten!$C$7:$C$66,$S95)) | D95: =IF($S95="","",INDEX(Resultaten!$D$7:$D$66,$S95)) | E95: =IF($S95="","","Geschoten") | F95: =IF($S95="","",IF(INDEX(Resultaten!$E$7:$N$66,$S95,1)="","",INDEX(Resultaten!$E$7:$N$66,$S95,1))) | G95: =IF($S95="","",IF(INDEX(Resultaten!$E$7:$N$66,$S95,2)="","",INDEX(Resultaten!$E$7:$N$66,$S95,2))) | H95: =IF($S95="","",IF(INDEX(Resultaten!$E$7:$N$66,$S95,3)="","",INDEX(Resultaten!$E$7:$N$66,$S95,3))) | I95: =IF($S95="","",IF(INDEX(Resultaten!$E$7:$N$66,$S95,4)="","",INDEX(Resultaten!$E$7:$N$66,$S95,4))) | J95: =IF($S95="","",IF(INDEX(Resultaten!$E$7:$N$66,$S95,5)="","",INDEX(Resultaten!$E$7:$N$66,$S95,5))) | K95: =IF($S95="","",IF(INDEX(Resultaten!$E$7:$N$66,$S95,6)="","",INDEX(Resultaten!$E$7:$N$66,$S95,6))) | L95: =IF($S95="","",IF(INDEX(Resultaten!$E$7:$N$66,$S95,7)="","",INDEX(Resultaten!$E$7:$N$66,$S95,7))) | M95: =IF($S95="","",IF(INDEX(Resultaten!$E$7:$N$66,$S95,8)="","",INDEX(Resultaten!$E$7:$N$66,$S95,8))) | N95: =IF($S95="","",IF(INDEX(Resultaten!$E$7:$N$66,$S95,9)="","",INDEX(Resultaten!$E$7:$N$66,$S95,9))) | O95: =IF($S95="","",IF(INDEX(Resultaten!$E$7:$N$66,$S95,10)="","",INDEX(Resultaten!$E$7:$N$66,$S95,10))) | P95: =IF(OR($S95="",COUNT($F95:$O95)=0),"",ROUND(IFERROR(LARGE($F95:$O95,1),0)*($R$5>=1)+IFERROR(LARGE($F95:$O95,2),0)*($R$5>=2)+IFERROR(LARGE($F95:$O95,3),0)*($R$5>=3)+IFERROR(LARGE($F95:$O95,4),0)*($R$5>=4)+IFERROR(LARGE($F95:$O95,5),0)*($R$5>=5)+IFERROR(LARGE($F95:$O95,6),0)*($R$5>=6)+IFERROR(LARGE($F95:$O95,7),0)*($R$5>=7)+IFERROR(LARGE($F95:$O95,8),0)*($R$5>=8)+IFERROR(LARGE($F95:$O95,9),0)*($R$5>=9)+IFERROR(LARGE($F95:$O95,10),0)*($R$5>=10),1)) | Q95: =IF(N($P95)=0,"",$P95/MIN($R$5,COUNT($F95:$O95))) | R95: =IFERROR(LARGE(Resultaten!$AC$7:$AC$66,45),"") | S95: =IF($R95="","",MATCH($R95,Resultaten!$AC$7:$AC$66,0))
E96: =IF($S95="","","Op 100 schutters") | F96: =IF($S95="","",INDEX(Resultaten!$O$7:$X$66,$S95,1)) | G96: =IF($S95="","",INDEX(Resultaten!$O$7:$X$66,$S95,2)) | H96: =IF($S95="","",INDEX(Resultaten!$O$7:$X$66,$S95,3)) | I96: =IF($S95="","",INDEX(Resultaten!$O$7:$X$66,$S95,4)) | J96: =IF($S95="","",INDEX(Resultaten!$O$7:$X$66,$S95,5)) | K96: =IF($S95="","",INDEX(Resultaten!$O$7:$X$66,$S95,6)) | L96: =IF($S95="","",INDEX(Resultaten!$O$7:$X$66,$S95,7)) | M96: =IF($S95="","",INDEX(Resultaten!$O$7:$X$66,$S95,8)) | N96: =IF($S95="","",INDEX(Resultaten!$O$7:$X$66,$S95,9)) | O96: =IF($S95="","",INDEX(Resultaten!$O$7:$X$66,$S95,10)) | P96: =IF($S95="","",INDEX(Resultaten!$Y$7:$Y$66,$S95)) | Q96: =IF($S95="","",INDEX(Resultaten!$Z$7:$Z$66,$S95)) | S96: =$S95
A97: =IF($S97="","",INDEX(Resultaten!$AA$7:$AA$66,$S97)) | B97: =IF($S97="","",INDEX(Resultaten!$B$7:$B$66,$S97)) | C97: =IF($S97="","",INDEX(Resultaten!$C$7:$C$66,$S97)) | D97: =IF($S97="","",INDEX(Resultaten!$D$7:$D$66,$S97)) | E97: =IF($S97="","","Geschoten") | F97: =IF($S97="","",IF(INDEX(Resultaten!$E$7:$N$66,$S97,1)="","",INDEX(Resultaten!$E$7:$N$66,$S97,1))) | G97: =IF($S97="","",IF(INDEX(Resultaten!$E$7:$N$66,$S97,2)="","",INDEX(Resultaten!$E$7:$N$66,$S97,2))) | H97: =IF($S97="","",IF(INDEX(Resultaten!$E$7:$N$66,$S97,3)="","",INDEX(Resultaten!$E$7:$N$66,$S97,3))) | I97: =IF($S97="","",IF(INDEX(Resultaten!$E$7:$N$66,$S97,4)="","",INDEX(Resultaten!$E$7:$N$66,$S97,4))) | J97: =IF($S97="","",IF(INDEX(Resultaten!$E$7:$N$66,$S97,5)="","",INDEX(Resultaten!$E$7:$N$66,$S97,5))) | K97: =IF($S97="","",IF(INDEX(Resultaten!$E$7:$N$66,$S97,6)="","",INDEX(Resultaten!$E$7:$N$66,$S97,6))) | L97: =IF($S97="","",IF(INDEX(Resultaten!$E$7:$N$66,$S97,7)="","",INDEX(Resultaten!$E$7:$N$66,$S97,7))) | M97: =IF($S97="","",IF(INDEX(Resultaten!$E$7:$N$66,$S97,8)="","",INDEX(Resultaten!$E$7:$N$66,$S97,8))) | N97: =IF($S97="","",IF(INDEX(Resultaten!$E$7:$N$66,$S97,9)="","",INDEX(Resultaten!$E$7:$N$66,$S97,9))) | O97: =IF($S97="","",IF(INDEX(Resultaten!$E$7:$N$66,$S97,10)="","",INDEX(Resultaten!$E$7:$N$66,$S97,10))) | P97: =IF(OR($S97="",COUNT($F97:$O97)=0),"",ROUND(IFERROR(LARGE($F97:$O97,1),0)*($R$5>=1)+IFERROR(LARGE($F97:$O97,2),0)*($R$5>=2)+IFERROR(LARGE($F97:$O97,3),0)*($R$5>=3)+IFERROR(LARGE($F97:$O97,4),0)*($R$5>=4)+IFERROR(LARGE($F97:$O97,5),0)*($R$5>=5)+IFERROR(LARGE($F97:$O97,6),0)*($R$5>=6)+IFERROR(LARGE($F97:$O97,7),0)*($R$5>=7)+IFERROR(LARGE($F97:$O97,8),0)*($R$5>=8)+IFERROR(LARGE($F97:$O97,9),0)*($R$5>=9)+IFERROR(LARGE($F97:$O97,10),0)*($R$5>=10),1)) | Q97: =IF(N($P97)=0,"",$P97/MIN($R$5,COUNT($F97:$O97))) | R97: =IFERROR(LARGE(Resultaten!$AC$7:$AC$66,46),"") | S97: =IF($R97="","",MATCH($R97,Resultaten!$AC$7:$AC$66,0))
E98: =IF($S97="","","Op 100 schutters") | F98: =IF($S97="","",INDEX(Resultaten!$O$7:$X$66,$S97,1)) | G98: =IF($S97="","",INDEX(Resultaten!$O$7:$X$66,$S97,2)) | H98: =IF($S97="","",INDEX(Resultaten!$O$7:$X$66,$S97,3)) | I98: =IF($S97="","",INDEX(Resultaten!$O$7:$X$66,$S97,4)) | J98: =IF($S97="","",INDEX(Resultaten!$O$7:$X$66,$S97,5)) | K98: =IF($S97="","",INDEX(Resultaten!$O$7:$X$66,$S97,6)) | L98: =IF($S97="","",INDEX(Resultaten!$O$7:$X$66,$S97,7)) | M98: =IF($S97="","",INDEX(Resultaten!$O$7:$X$66,$S97,8)) | N98: =IF($S97="","",INDEX(Resultaten!$O$7:$X$66,$S97,9)) | O98: =IF($S97="","",INDEX(Resultaten!$O$7:$X$66,$S97,10)) | P98: =IF($S97="","",INDEX(Resultaten!$Y$7:$Y$66,$S97)) | Q98: =IF($S97="","",INDEX(Resultaten!$Z$7:$Z$66,$S97)) | S98: =$S97
A99: =IF($S99="","",INDEX(Resultaten!$AA$7:$AA$66,$S99)) | B99: =IF($S99="","",INDEX(Resultaten!$B$7:$B$66,$S99)) | C99: =IF($S99="","",INDEX(Resultaten!$C$7:$C$66,$S99)) | D99: =IF($S99="","",INDEX(Resultaten!$D$7:$D$66,$S99)) | E99: =IF($S99="","","Geschoten") | F99: =IF($S99="","",IF(INDEX(Resultaten!$E$7:$N$66,$S99,1)="","",INDEX(Resultaten!$E$7:$N$66,$S99,1))) | G99: =IF($S99="","",IF(INDEX(Resultaten!$E$7:$N$66,$S99,2)="","",INDEX(Resultaten!$E$7:$N$66,$S99,2))) | H99: =IF($S99="","",IF(INDEX(Resultaten!$E$7:$N$66,$S99,3)="","",INDEX(Resultaten!$E$7:$N$66,$S99,3))) | I99: =IF($S99="","",IF(INDEX(Resultaten!$E$7:$N$66,$S99,4)="","",INDEX(Resultaten!$E$7:$N$66,$S99,4))) | J99: =IF($S99="","",IF(INDEX(Resultaten!$E$7:$N$66,$S99,5)="","",INDEX(Resultaten!$E$7:$N$66,$S99,5))) | K99: =IF($S99="","",IF(INDEX(Resultaten!$E$7:$N$66,$S99,6)="","",INDEX(Resultaten!$E$7:$N$66,$S99,6))) | L99: =IF($S99="","",IF(INDEX(Resultaten!$E$7:$N$66,$S99,7)="","",INDEX(Resultaten!$E$7:$N$66,$S99,7))) | M99: =IF($S99="","",IF(INDEX(Resultaten!$E$7:$N$66,$S99,8)="","",INDEX(Resultaten!$E$7:$N$66,$S99,8))) | N99: =IF($S99="","",IF(INDEX(Resultaten!$E$7:$N$66,$S99,9)="","",INDEX(Resultaten!$E$7:$N$66,$S99,9))) | O99: =IF($S99="","",IF(INDEX(Resultaten!$E$7:$N$66,$S99,10)="","",INDEX(Resultaten!$E$7:$N$66,$S99,10))) | P99: =IF(OR($S99="",COUNT($F99:$O99)=0),"",ROUND(IFERROR(LARGE($F99:$O99,1),0)*($R$5>=1)+IFERROR(LARGE($F99:$O99,2),0)*($R$5>=2)+IFERROR(LARGE($F99:$O99,3),0)*($R$5>=3)+IFERROR(LARGE($F99:$O99,4),0)*($R$5>=4)+IFERROR(LARGE($F99:$O99,5),0)*($R$5>=5)+IFERROR(LARGE($F99:$O99,6),0)*($R$5>=6)+IFERROR(LARGE($F99:$O99,7),0)*($R$5>=7)+IFERROR(LARGE($F99:$O99,8),0)*($R$5>=8)+IFERROR(LARGE($F99:$O99,9),0)*($R$5>=9)+IFERROR(LARGE($F99:$O99,10),0)*($R$5>=10),1)) | Q99: =IF(N($P99)=0,"",$P99/MIN($R$5,COUNT($F99:$O99))) | R99: =IFERROR(LARGE(Resultaten!$AC$7:$AC$66,47),"") | S99: =IF($R99="","",MATCH($R99,Resultaten!$AC$7:$AC$66,0))
E100: =IF($S99="","","Op 100 schutters") | F100: =IF($S99="","",INDEX(Resultaten!$O$7:$X$66,$S99,1)) | G100: =IF($S99="","",INDEX(Resultaten!$O$7:$X$66,$S99,2)) | H100: =IF($S99="","",INDEX(Resultaten!$O$7:$X$66,$S99,3)) | I100: =IF($S99="","",INDEX(Resultaten!$O$7:$X$66,$S99,4)) | J100: =IF($S99="","",INDEX(Resultaten!$O$7:$X$66,$S99,5)) | K100: =IF($S99="","",INDEX(Resultaten!$O$7:$X$66,$S99,6)) | L100: =IF($S99="","",INDEX(Resultaten!$O$7:$X$66,$S99,7)) | M100: =IF($S99="","",INDEX(Resultaten!$O$7:$X$66,$S99,8)) | N100: =IF($S99="","",INDEX(Resultaten!$O$7:$X$66,$S99,9)) | O100: =IF($S99="","",INDEX(Resultaten!$O$7:$X$66,$S99,10)) | P100: =IF($S99="","",INDEX(Resultaten!$Y$7:$Y$66,$S99)) | Q100: =IF($S99="","",INDEX(Resultaten!$Z$7:$Z$66,$S99)) | S100: =$S99
A101: =IF($S101="","",INDEX(Resultaten!$AA$7:$AA$66,$S101)) | B101: =IF($S101="","",INDEX(Resultaten!$B$7:$B$66,$S101)) | C101: =IF($S101="","",INDEX(Resultaten!$C$7:$C$66,$S101)) | D101: =IF($S101="","",INDEX(Resultaten!$D$7:$D$66,$S101)) | E101: =IF($S101="","","Geschoten") | F101: =IF($S101="","",IF(INDEX(Resultaten!$E$7:$N$66,$S101,1)="","",INDEX(Resultaten!$E$7:$N$66,$S101,1))) | G101: =IF($S101="","",IF(INDEX(Resultaten!$E$7:$N$66,$S101,2)="","",INDEX(Resultaten!$E$7:$N$66,$S101,2))) | H101: =IF($S101="","",IF(INDEX(Resultaten!$E$7:$N$66,$S101,3)="","",INDEX(Resultaten!$E$7:$N$66,$S101,3))) | I101: =IF($S101="","",IF(INDEX(Resultaten!$E$7:$N$66,$S101,4)="","",INDEX(Resultaten!$E$7:$N$66,$S101,4))) | J101: =IF($S101="","",IF(INDEX(Resultaten!$E$7:$N$66,$S101,5)="","",INDEX(Resultaten!$E$7:$N$66,$S101,5))) | K101: =IF($S101="","",IF(INDEX(Resultaten!$E$7:$N$66,$S101,6)="","",INDEX(Resultaten!$E$7:$N$66,$S101,6))) | L101: =IF($S101="","",IF(INDEX(Resultaten!$E$7:$N$66,$S101,7)="","",INDEX(Resultaten!$E$7:$N$66,$S101,7))) | M101: =IF($S101="","",IF(INDEX(Resultaten!$E$7:$N$66,$S101,8)="","",INDEX(Resultaten!$E$7:$N$66,$S101,8))) | N101: =IF($S101="","",IF(INDEX(Resultaten!$E$7:$N$66,$S101,9)="","",INDEX(Resultaten!$E$7:$N$66,$S101,9))) | O101: =IF($S101="","",IF(INDEX(Resultaten!$E$7:$N$66,$S101,10)="","",INDEX(Resultaten!$E$7:$N$66,$S101,10))) | P101: =IF(OR($S101="",COUNT($F101:$O101)=0),"",ROUND(IFERROR(LARGE($F101:$O101,1),0)*($R$5>=1)+IFERROR(LARGE($F101:$O101,2),0)*($R$5>=2)+IFERROR(LARGE($F101:$O101,3),0)*($R$5>=3)+IFERROR(LARGE($F101:$O101,4),0)*($R$5>=4)+IFERROR(LARGE($F101:$O101,5),0)*($R$5>=5)+IFERROR(LARGE($F101:$O101,6),0)*($R$5>=6)+IFERROR(LARGE($F101:$O101,7),0)*($R$5>=7)+IFERROR(LARGE($F101:$O101,8),0)*($R$5>=8)+IFERROR(LARGE($F101:$O101,9),0)*($R$5>=9)+IFERROR(LARGE($F101:$O101,10),0)*($R$5>=10),1)) | Q101: =IF(N($P101)=0,"",$P101/MIN($R$5,COUNT($F101:$O101))) | R101: =IFERROR(LARGE(Resultaten!$AC$7:$AC$66,48),"") | S101: =IF($R101="","",MATCH($R101,Resultaten!$AC$7:$AC$66,0))
E102: =IF($S101="","","Op 100 schutters") | F102: =IF($S101="","",INDEX(Resultaten!$O$7:$X$66,$S101,1)) | G102: =IF($S101="","",INDEX(Resultaten!$O$7:$X$66,$S101,2)) | H102: =IF($S101="","",INDEX(Resultaten!$O$7:$X$66,$S101,3)) | I102: =IF($S101="","",INDEX(Resultaten!$O$7:$X$66,$S101,4)) | J102: =IF($S101="","",INDEX(Resultaten!$O$7:$X$66,$S101,5)) | K102: =IF($S101="","",INDEX(Resultaten!$O$7:$X$66,$S101,6)) | L102: =IF($S101="","",INDEX(Resultaten!$O$7:$X$66,$S101,7)) | M102: =IF($S101="","",INDEX(Resultaten!$O$7:$X$66,$S101,8)) | N102: =IF($S101="","",INDEX(Resultaten!$O$7:$X$66,$S101,9)) | O102: =IF($S101="","",INDEX(Resultaten!$O$7:$X$66,$S101,10)) | P102: =IF($S101="","",INDEX(Resultaten!$Y$7:$Y$66,$S101)) | Q102: =IF($S101="","",INDEX(Resultaten!$Z$7:$Z$66,$S101)) | S102: =$S101
A103: =IF($S103="","",INDEX(Resultaten!$AA$7:$AA$66,$S103)) | B103: =IF($S103="","",INDEX(Resultaten!$B$7:$B$66,$S103)) | C103: =IF($S103="","",INDEX(Resultaten!$C$7:$C$66,$S103)) | D103: =IF($S103="","",INDEX(Resultaten!$D$7:$D$66,$S103)) | E103: =IF($S103="","","Geschoten") | F103: =IF($S103="","",IF(INDEX(Resultaten!$E$7:$N$66,$S103,1)="","",INDEX(Resultaten!$E$7:$N$66,$S103,1))) | G103: =IF($S103="","",IF(INDEX(Resultaten!$E$7:$N$66,$S103,2)="","",INDEX(Resultaten!$E$7:$N$66,$S103,2))) | H103: =IF($S103="","",IF(INDEX(Resultaten!$E$7:$N$66,$S103,3)="","",INDEX(Resultaten!$E$7:$N$66,$S103,3))) | I103: =IF($S103="","",IF(INDEX(Resultaten!$E$7:$N$66,$S103,4)="","",INDEX(Resultaten!$E$7:$N$66,$S103,4))) | J103: =IF($S103="","",IF(INDEX(Resultaten!$E$7:$N$66,$S103,5)="","",INDEX(Resultaten!$E$7:$N$66,$S103,5))) | K103: =IF($S103="","",IF(INDEX(Resultaten!$E$7:$N$66,$S103,6)="","",INDEX(Resultaten!$E$7:$N$66,$S103,6))) | L103: =IF($S103="","",IF(INDEX(Resultaten!$E$7:$N$66,$S103,7)="","",INDEX(Resultaten!$E$7:$N$66,$S103,7))) | M103: =IF($S103="","",IF(INDEX(Resultaten!$E$7:$N$66,$S103,8)="","",INDEX(Resultaten!$E$7:$N$66,$S103,8))) | N103: =IF($S103="","",IF(INDEX(Resultaten!$E$7:$N$66,$S103,9)="","",INDEX(Resultaten!$E$7:$N$66,$S103,9))) | O103: =IF($S103="","",IF(INDEX(Resultaten!$E$7:$N$66,$S103,10)="","",INDEX(Resultaten!$E$7:$N$66,$S103,10))) | P103: =IF(OR($S103="",COUNT($F103:$O103)=0),"",ROUND(IFERROR(LARGE($F103:$O103,1),0)*($R$5>=1)+IFERROR(LARGE($F103:$O103,2),0)*($R$5>=2)+IFERROR(LARGE($F103:$O103,3),0)*($R$5>=3)+IFERROR(LARGE($F103:$O103,4),0)*($R$5>=4)+IFERROR(LARGE($F103:$O103,5),0)*($R$5>=5)+IFERROR(LARGE($F103:$O103,6),0)*($R$5>=6)+IFERROR(LARGE($F103:$O103,7),0)*($R$5>=7)+IFERROR(LARGE($F103:$O103,8),0)*($R$5>=8)+IFERROR(LARGE($F103:$O103,9),0)*($R$5>=9)+IFERROR(LARGE($F103:$O103,10),0)*($R$5>=10),1)) | Q103: =IF(N($P103)=0,"",$P103/MIN($R$5,COUNT($F103:$O103))) | R103: =IFERROR(LARGE(Resultaten!$AC$7:$AC$66,49),"") | S103: =IF($R103="","",MATCH($R103,Resultaten!$AC$7:$AC$66,0))
...

Sheet Coëfficiënten
A1: Coëfficiënten naar een score op 100 (30 schoten)
A2: Score = resultaat x factor van de rij met de grootste grens <= resultaat. Buiten 1% - 99% van de spreiding geldt de factor van de rand.
A3: Niet wijzigen: deze tabel wordt gegenereerd door src/build_club_sheet.py (blad beveiligd zonder wachtwoord).
A4: LK DUV | C4: LK BEN | E4: LK CAD | G4: LK JUN | I4: LK D1 & S1 | K4: LK D2 & S2 | M4: LK D3 & S3 | O4: LP DUV | Q4: LP BEN | S4: LP CAD | U4: LP JUN | W4: LP D1 & S1 | Y4: LP D2 & S2 | AA4: LP D3 & S3
A5: LK|DUV | C5: LK|BEN | E5: LK|CAD | G5: LK|JUN | I5: LK|D1 & S1 | K5: LK|D2 & S2 | M5: LK|D3 & S3 | O5: LP|DUV | Q5: LP|BEN | S5: LP|CAD | U5: LP|JUN | W5: LP|D1 & S1 | Y5: LP|D2 & S2 | AA5: LP|D3 & S3
A6: Grens | B6: Factor | C6: Grens | D6: Factor | E6: Grens | F6: Factor | G6: Grens | H6: Factor | I6: Grens | J6: Factor | K6: Grens | L6: Factor | M6: Grens | N6: Factor | O6: Grens | P6: Factor | Q6: Grens | R6: Factor | S6: Grens | T6: Factor | U6: Grens | V6: Factor | W6: Grens | X6: Factor | Y6: Grens | Z6: Factor | AA6: Grens | AB6: Factor
A7: 0 | B7: 0.0073754754 | C7: 0 | D7: 0.0066256205 | E7: 0 | F7: 0.0051807441 | G7: 0 | H7: 0.0044519591 | I7: 0 | J7: 0.0043092162 | K7: 0 | L7: 0.004442577 | M7: 0 | N7: 0.0048974202 | O7: 0 | P7: 0.0068313185 | Q7: 0 | R7: 0.0053256295 | S7: 0 | T7: 0.0059156222 | U7: 0 | V7: 0.0050748118 | W7: 0 | X7: 0.0049009478 | Y7: 0 | Z7: 0.0058941995 | AA7: 0 | AB7: 0.0051629848
A8: 135.66736 | B8: 0.0074119537 | C8: 150.99929 | D8: 0.0066599354 | E8: 193.07899 | F8: 0.0052074573 | G8: 224.66357 | H8: 0.0044736922 | I8: 232.10095 | J8: 0.0043305344 | K8: 225.1327 | L8: 0.0044649617 | M8: 204.23479 | N8: 0.0049235072 | O8: 146.44683 | P8: 0.006862035 | Q8: 187.81827 | R8: 0.0053580415 | S8: 169.09714 | T8: 0.0059532677 | U8: 197.09416 | V8: 0.0051044022 | W8: 204.08126 | X8: 0.0049271769 | Y8: 169.71104 | Z8: 0.0059191457 | AA8: 193.7265 | AB8: 0.0051950505
A9: 135.83312 | B9: 0.0074486218 | C9: 151.13933 | D9: 0.0066944326 | E9: 193.19205 | F9: 0.0052343097 | G9: 224.7503 | H9: 0.0044955321 | I9: 232.18134 | J9: 0.0043519586 | K9: 225.20894 | L9: 0.0044874598 | M9: 204.32609 | N9: 0.0049497337 | O9: 146.57123 | P9: 0.0068928945 | Q9: 187.91236 | R9: 0.0053906492 | S9: 169.20356 | T9: 0.0059911491 | U9: 197.17921 | V9: 0.0051341646 | W9: 204.15944 | X9: 0.0049535469 | Y9: 169.81648 | Z9: 0.0059441996 | AA9: 193.80669 | AB9: 0.0052273132
A10: 135.99888 | B10: 0.0074854809 | C10: 151.27938 | D10: 0.006729113 | E10: 193.30511 | F10: 0.0052613022 | G10: 224.83702 | H10: 0.0045174793 | I10: 232.26172 | J10: 0.0043734892 | K10: 225.28519 | L10: 0.0045100717 | M10: 204.4174 | N10: 0.0049761007 | O10: 146.69564 | P10: 0.0069238978 | Q10: 188.00645 | R10: 0.0054234537 | S10: 169.30999 | T10: 0.0060292677 | U10: 197.26426 | V10: 0.0051641002 | W10: 204.23763 | X10: 0.0049800586 | Y10: 169.92192 | Z10: 0.005969362 | AA10: 193.88688 | AB10: 0.0052597741
A11: 136.16465 | B11: 0.0075225318 | C11: 151.41943 | D11: 0.0067639776 | E11: 193.41817 | F11: 0.0052884354 | G11: 224.92374 | H11: 0.0045395343 | I11: 232.34211 | J11: 0.0043951269 | K11: 225.36143 | L11: 0.004532798 | M11: 204.5087 | N11: 0.0050026089 | O11: 146.82004 | P11: 0.0069550454 | Q11: 188.10053 | R11: 0.0054564563 | S11: 169.41641 | T11: 0.0060676251 | U11: 197.3493 | V11: 0.0051942098 | W11: 204.31581 | X11: 0.0050067126 | Y11: 170.02737 | Z11: 0.0059946331 | AA11: 193.96707 | AB11: 0.0052924344
A12: 136.33041 | B12: 0.0075597756 | C12: 151.55948 | D12: 0.0067990274 | E12: 193.53123 | F12: 0.00531571 | G12: 225.01046 | H12: 0.0045616976 | I12: 232.42249 | J12: 0.0044168722 | K12: 225.43767 | L12: 0.0045556394 | M12: 204.60001 | N12: 0.005029259 | O12: 146.94445 | P12: 0.0069863383 | Q12: 188.19462 | R12: 0.005489658 | S12: 169.52283 | T12: 0.0061062227 | U12: 197.43435 | V12: 0.0052244944 | W12: 204.394 | X12: 0.0050335097 | Y12: 170.13281 | Z12: 0.0060200136 | AA12: 194.04726 | AB12: 0.0053252952
A13: 136.49617 | B13: 0.0075972133 | C13: 151.69953 | D13: 0.0068342633 | E13: 193.64428 | F13: 0.0053431269 | G13: 225.09719 | H13: 0.0045839699 | I13: 232.50288 | J13: 0.0044387256 | K13: 225.51391 | L13: 0.0045785964 | M13: 204.69132 | N13: 0.0050560518 | O13: 147.06885 | P13: 0.0070177769 | Q13: 188.28871 | R13: 0.0055230601 | S13: 169.62926 | T13: 0.0061450618 | U13: 197.51939 | V13: 0.0052549551 | W13: 204.47218 | X13: 0.0050604508 | Y13: 170.23825 | Z13: 0.0060455038 | AA13: 194.12744 | AB13: 0.0053583579
A14: 136.66193 | B14: 0.007634846 | C14: 151.83958 | D14: 0.0068696864 | E14: 193.75734 | F14: 0.0053706868 | G14: 225.18391 | H14: 0.0046063515 | I14: 232.58326 | J14: 0.0044606876 | K14: 225.59016 | L14: 0.0046016695 | M14: 204.78262 | N14: 0.005082988 | O14: 147.19326 | P14: 0.0070493619 | Q14: 188.38279 | R14: 0.0055566638 | S14: 169.73568 | T14: 0.006184144 | U14: 197.60444 | V14: 0.0052855929 | W14: 204.55037 | X14: 0.0050875366 | Y14: 170.34369 | Z14: 0.0060711043 | AA14: 194.20763 | AB14: 0.0053916236
A15: 136.82769 | B15: 0.0076726745 | C15: 151.97963 | D15: 0.0069052976 | E15: 193.8704 | F15: 0.0053983904 | G15: 225.27063 | H15: 0.0046288431 | I15: 232.66364 | J15: 0.0044827588 | K15: 225.6664 | L15: 0.0046248595 | M15: 204.87393 | N15: 0.0051100685 | O15: 147.31766 | P15: 0.0070810942 | Q15: 188.47688 | R15: 0.0055904701 | S15: 169.8421 | T15: 0.0062234708 | U15: 197.68948 | V15: 0.0053164088 | W15: 204.62856 | X15: 0.0051147678 | Y15: 170.44913 | Z15: 0.0060968155 | AA15: 194.28782 | AB15: 0.0054250934
A16: 136.99345 | B16: 0.0077107001 | C16: 152.11968 | D16: 0.006941098 | E16: 193.98346 | F16: 0.0054262384 | G16: 225.35735 | H16: 0.0046514452 | I16: 232.74403 | J16: 0.0045049398 | K16: 225.74264 | L16: 0.0046481668 | M16: 204.96523 | N16: 0.0051372939 | O16: 147.44207 | P16: 0.0071129744 | Q16: 188.57097 | R16: 0.0056244804 | S16: 169.94853 | T16: 0.0062630436 | U16: 197.77453 | V16: 0.0053474038 | W16: 204.70674 | X16: 0.0051421453 | Y16: 170.55457 | Z16: 0.006122638 | AA16: 194.36801 | AB16: 0.0054587688
A17: 137.15922 | B17: 0.0077489237 | C17: 152.25973 | D17: 0.0069770885 | E17: 194.09651 | F17: 0.0054542317 | G17: 225.44408 | H17: 0.0046741584 | I17: 232.82441 | J17: 0.004527231 | K17: 225.81888 | L17: 0.0046715921 | M17: 205.05654 | N17: 0.0051646651 | O17: 147.56647 | P17: 0.0071450031 | Q17: 188.66505 | R17: 0.0056586959 | S17: 170.05495 | T17: 0.0063028638 | U17: 197.85957 | V17: 0.0053785789 | W17: 204.78493 | X17: 0.0051696699 | Y17: 170.66001 | Z17: 0.0061485722 | AA17: 194.44819 | AB17: 0.0054926507
A18: 137.32498 | B18: 0.0077873462 | C18: 152.39978 | D18: 0.0070132703 | E18: 194.20957 | F18: 0.005482371 | G18: 225.5308 | H18: 0.0046969831 | I18: 232.9048 | J18: 0.0045496331 | K18: 225.89513 | L18: 0.0046951359 | M18: 205.14784 | N18: 0.0051921829 | O18: 147.69088 | P18: 0.0071771812 | Q18: 188.75914 | R18: 0.0056931176 | S18: 170.16137 | T18: 0.006342933 | U18: 197.94462 | V18: 0.0054099353 | W18: 204.86311 | X18: 0.0051973422 | Y18: 170.76545 | Z18: 0.0061746186 | AA18: 194.52838 | AB18: 0.0055267406
... A1006: 301.0975 | B1006: 0.32870667 | C1006: 290.7687 | D1006: 0.34039484 | E1006: 305.91053 | F1006: 0.32356424 | G1006: 311.21256 | H1006: 0.31806624 | I1006: 312.32461 | J1006: 0.31693711 | K1006: 301.22271 | L1006: 0.32861889 | M1006: 295.35788 | N1006: 0.33513479 | O1006: 270.60271 | P1006: 0.36576591 | Q1006: 281.71688 | R1006: 0.35135798 | S1006: 275.3079 | T1006: 0.35952789 | U1006: 281.96937 | V1006: 0.35104903 | W1006: 282.11038 | X1006: 0.35087785 | Y1006: 274.94133 | Z1006: 0.36000779 | AA1006: 273.75379 | AB1006: 0.36158587
